timestamp,slug,html_path,status,elapsed_ms,old_src,new_src,old_alt,new_alt,jsonld_shape,jsonld_old,jsonld_new,css_updated,css_old,css_new,notes
2026-07-29T22:55:47.817537,best-asphalt-driveway-sealer-top-products-for-2026,guides/best-asphalt-driveway-sealer-top-products-for-2026/index.html,already_swapped,0,/images/heroes/hero-freshly-sealed-asphalt-sheen.webp,/images/heroes/hero-freshly-sealed-asphalt-sheen.webp,,,,,,,,,
2026-07-29T22:55:47.817982,heated-driveway-systems-cost-vs-benefit-analysis,guides/heated-driveway-systems-cost-vs-benefit-analysis/index.html,already_swapped,0,/images/heroes/hero-concrete-strip-melting-snow.webp,/images/heroes/hero-concrete-strip-melting-snow.webp,,,,,,,,,
2026-07-29T22:55:47.818231,asphalt-rejuvenator-products-review,guides/asphalt-rejuvenator-products-review/index.html,already_swapped,0,/images/heroes/hero-faded-gray-asphalt-closeup.webp,/images/heroes/hero-faded-gray-asphalt-closeup.webp,,,,,,,,,
2026-07-29T22:55:47.818489,driveway-permits-and-regulations-in-tennessee,guides/driveway-permits-and-regulations-in-tennessee/index.html,already_swapped,0,/images/heroes/hero-new-concrete-garage-drive.webp,/images/heroes/hero-new-concrete-garage-drive.webp,,,,,,,,,
2026-07-29T22:55:47.818734,tar-and-chip-driveway-vs-asphalt-comparison,guides/tar-and-chip-driveway-vs-asphalt-comparison/index.html,already_swapped,0,/images/heroes/hero-chip-seal-rural-approach.webp,/images/heroes/hero-chip-seal-rural-approach.webp,,,,,,,,,
2026-07-29T22:55:47.818961,best-driveway-material-for-alabama-homes,guides/best-driveway-material-for-alabama-homes/index.html,already_swapped,0,/images/heroes/hero-herringbone-paver-frontage.webp,/images/heroes/hero-herringbone-paver-frontage.webp,,,,,,,,,
2026-07-29T22:55:47.819212,best-driveway-material-for-texas-homes,guides/best-driveway-material-for-texas-homes/index.html,already_swapped,0,/images/heroes/hero-tire-worn-gravel-tracks.webp,/images/heroes/hero-tire-worn-gravel-tracks.webp,,,,,,,,,
2026-07-29T22:55:47.819429,percolation-test-for-driveway-drainage-planning,guides/percolation-test-for-driveway-drainage-planning/index.html,already_swapped,0,/images/heroes/hero-soil-percolation-test-hole.webp,/images/heroes/hero-soil-percolation-test-hole.webp,,,,,,,,,
2026-07-29T22:55:47.819656,best-driveway-material-for-wisconsin-homes,guides/best-driveway-material-for-wisconsin-homes/index.html,already_swapped,0,/images/heroes/hero-sealed-concrete-after-rain.webp,/images/heroes/hero-sealed-concrete-after-rain.webp,,,,,,,,,
2026-07-29T22:55:47.819929,best-driveway-material-for-missouri-homes,guides/best-driveway-material-for-missouri-homes/index.html,already_swapped,0,/images/heroes/hero-new-asphalt-golden-hour.webp,/images/heroes/hero-new-asphalt-golden-hour.webp,,,,,,,,,
2026-07-29T22:55:47.820919,how-to-get-accurate-driveway-quotes-from-contractors,guides/how-to-get-accurate-driveway-quotes-from-contractors/index.html,swapped,0,/images/pexels-pixabay-221540.webp,/images/heroes/hero-fresh-concrete-repair-patch.webp,How to Get Accurate Driveway Quotes from Contractors — Drivewayz USA,Fresh concrete repair patch meeting an older driveway slab,string,https://drivewayzusa.co/images/hero-how-to-get-accurate-driveway-quotes-from-contractors.webp,https://drivewayzusa.co/images/heroes/hero-fresh-concrete-repair-patch.webp,true,/images/pexels-pixabay-221540.webp,/images/heroes/hero-fresh-concrete-repair-patch.webp,
2026-07-29T22:55:47.821610,best-driveway-material-for-kentucky-homes,guides/best-driveway-material-for-kentucky-homes/index.html,swapped,0,/images/pexels-pixabay-221540.webp,/images/heroes/hero-weathered-cobblestone-moss-joints.webp,Best Driveway Material for Kentucky Homes — Drivewayz USA,Weathered cobblestone driveway with moss-filled joints under gray skies,string,https://drivewayzusa.co/images/hero-best-driveway-material-for-kentucky-homes.webp,https://drivewayzusa.co/images/heroes/hero-weathered-cobblestone-moss-joints.webp,true,/images/pexels-pixabay-221540.webp,/images/heroes/hero-weathered-cobblestone-moss-joints.webp,
2026-07-29T22:55:47.822138,concrete-vs-asphalt-driveway-the-ultimate-2026-comparison,guides/concrete-vs-asphalt-driveway-the-ultimate-2026-comparison/index.html,swapped,0,/images/pexels-goodcitizen-1315919.webp,/images/heroes/hero-concrete-meets-asphalt-curb.webp,Concrete vs Asphalt Driveway: The Ultimate 2026 Comparison — Drivewayz USA,Light concrete driveway meeting a dark asphalt street at the curb,string,https://drivewayzusa.co/images/hero-concrete-vs-asphalt-driveway-the-ultimate-2026-comparison.webp,https://drivewayzusa.co/images/heroes/hero-concrete-meets-asphalt-curb.webp,true,/images/pexels-goodcitizen-1315919.webp,/images/heroes/hero-concrete-meets-asphalt-curb.webp,
2026-07-29T22:55:47.822676,driveway-contractor-email-marketing-staying-in-touch,guides/driveway-contractor-email-marketing-staying-in-touch/index.html,swapped,0,/images/pexels-curtis-adams-1694007-3990589.webp,/images/heroes/hero-sealed-paver-border-drive.webp,Driveway Contractor Email Marketing: Staying in Touch — Drivewayz USA,Sealed paver driveway with a contrasting border in warm light,string,https://drivewayzusa.co/images/hero-driveway-contractor-email-marketing-staying-in-touch.webp,https://drivewayzusa.co/images/heroes/hero-sealed-paver-border-drive.webp,true,/images/pexels-curtis-adams-1694007-3990589.webp,/images/heroes/hero-sealed-paver-border-drive.webp,
2026-07-29T22:55:47.823018,best-driveway-material-for-florida-homes,guides/best-driveway-material-for-florida-homes/index.html,swapped,0,/images/pexels-pixabay-221540.webp,/images/heroes/hero-broomed-concrete-expansion-joints.webp,Best Driveway Material for Florida Homes — Drivewayz USA,Broom-finished concrete driveway with clean expansion joints in bright sun,string,https://drivewayzusa.co/images/hero-best-driveway-material-for-florida-homes.webp,https://drivewayzusa.co/images/heroes/hero-broomed-concrete-expansion-joints.webp,true,/images/pexels-pixabay-221540.webp,/images/heroes/hero-broomed-concrete-expansion-joints.webp,
2026-07-29T22:55:47.823444,driveway-permits-and-regulations-in-idaho,guides/driveway-permits-and-regulations-in-idaho/index.html,swapped,0,/images/pexels-curtis-adams-1694007-3990589.webp,/images/heroes/hero-long-gravel-fence-line.webp,Driveway Permits and Regulations in Idaho — Drivewayz USA,Long gravel driveway running beside fence lines under gray skies,string,https://drivewayzusa.co/images/hero-driveway-permits-and-regulations-in-idaho.webp,https://drivewayzusa.co/images/heroes/hero-long-gravel-fence-line.webp,true,/images/pexels-curtis-adams-1694007-3990589.webp,/images/heroes/hero-long-gravel-fence-line.webp,
2026-07-29T22:55:47.823724,best-de-icing-products-for-driveways-salt-vs-chemical-vs-natural,guides/best-de-icing-products-for-driveways-salt-vs-chemical-vs-natural/index.html,swapped,0,/images/pexels-pixabay-221540.webp,/images/heroes/hero-rock-salt-icy-concrete.webp,Best De-Icing Products for Driveways: Salt vs Chemical vs Natural — Drivewayz USA,Rock salt granules scattered across an icy concrete driveway surface,string,https://drivewayzusa.co/images/hero-best-de-icing-products-for-driveways-salt-vs-chemical-vs-natural.webp,https://drivewayzusa.co/images/heroes/hero-rock-salt-icy-concrete.webp,true,/images/pexels-pixabay-221540.webp,/images/heroes/hero-rock-salt-icy-concrete.webp,
2026-07-29T22:55:47.824107,driveway-material-comparison-cost-rankings,guides/driveway-material-comparison-cost-rankings/index.html,swapped,0,/images/pexels-curtis-adams-1694007-3990589.webp,/images/heroes/hero-crushed-stone-aggregate-detail.webp,Driveway Material Comparison: Cost Rankings — Drivewayz USA,Crushed stone gravel with angular gray aggregate in sharp close detail,string,https://drivewayzusa.co/images/hero-driveway-material-comparison-cost-rankings.webp,https://drivewayzusa.co/images/heroes/hero-crushed-stone-aggregate-detail.webp,true,/images/pexels-curtis-adams-1694007-3990589.webp,/images/heroes/hero-crushed-stone-aggregate-detail.webp,
2026-07-29T22:55:47.824776,driveway-polymer-overlay-decorative-and-protective,guides/driveway-polymer-overlay-decorative-and-protective/index.html,swapped,0,/images/matt-jones-xpDHTc-pkog-unsplash.webp,/images/heroes/hero-stamped-resin-stone-pattern.webp,Driveway Polymer Overlay: Decorative and Protective — Drivewayz USA,Stamped resin surface with a stone pattern glowing in warm light,string,https://drivewayzusa.co/images/hero-driveway-polymer-overlay-decorative-and-protective.webp,https://drivewayzusa.co/images/heroes/hero-stamped-resin-stone-pattern.webp,true,/images/matt-jones-xpDHTc-pkog-unsplash.webp,/images/heroes/hero-stamped-resin-stone-pattern.webp,
2026-07-29T22:55:47.825480,concrete-driveway-cost-in-michigan-2026-price-guide,guides/concrete-driveway-cost-in-michigan-2026-price-guide/index.html,swapped,0,/images/pexels-goodcitizen-1315919.webp,/images/heroes/hero-fresh-broom-finish-texture.webp,Concrete Driveway Cost in Michigan: 2026 Price Guide — Drivewayz USA,Fresh broom-finished concrete with even ridge lines under flat light,string,https://drivewayzusa.co/images/hero-concrete-driveway-cost-in-michigan-2026-price-guide.webp,https://drivewayzusa.co/images/heroes/hero-fresh-broom-finish-texture.webp,true,/images/pexels-goodcitizen-1315919.webp,/images/heroes/hero-fresh-broom-finish-texture.webp,
2026-07-29T22:55:47.826188,best-driveway-material-for-michigan-homes,guides/best-driveway-material-for-michigan-homes/index.html,swapped,0,/images/pexels-pixabay-221540.webp,/images/heroes/hero-cracked-asphalt-rain-patches.webp,Best Driveway Material for Michigan Homes — Drivewayz USA,Cracked asphalt driveway with rain-darkened patches before a garage,string,https://drivewayzusa.co/images/hero-best-driveway-material-for-michigan-homes.webp,https://drivewayzusa.co/images/heroes/hero-cracked-asphalt-rain-patches.webp,true,/images/pexels-pixabay-221540.webp,/images/heroes/hero-cracked-asphalt-rain-patches.webp,
2026-07-29T22:55:47.826758,asphalt-driveway-cost-in-louisiana-local-pricing,guides/asphalt-driveway-cost-in-louisiana-local-pricing/index.html,swapped,0,/images/pexels-introspectivedsgn-9890648.webp,/images/heroes/hero-cracked-asphalt-crumbling-edges.webp,Asphalt Driveway Cost in Louisiana: Local Pricing — Drivewayz USA,Cracked asphalt surface with crumbling edges in harsh midday light,string,https://drivewayzusa.co/images/hero-asphalt-driveway-cost-in-louisiana-local-pricing.webp,https://drivewayzusa.co/images/heroes/hero-cracked-asphalt-crumbling-edges.webp,true,/images/pexels-introspectivedsgn-9890648.webp,/images/heroes/hero-cracked-asphalt-crumbling-edges.webp,
2026-07-29T22:55:47.827098,best-driveway-material-for-illinois-homes,guides/best-driveway-material-for-illinois-homes/index.html,swapped,0,/images/pexels-pixabay-221540.webp,/images/heroes/hero-weathered-clay-paver-drive.webp,Best Driveway Material for Illinois Homes — Drivewayz USA,Weathered clay paver driveway with faded joints under flat gray light,string,https://drivewayzusa.co/images/hero-best-driveway-material-for-illinois-homes.webp,https://drivewayzusa.co/images/heroes/hero-weathered-clay-paver-drive.webp,true,/images/pexels-pixabay-221540.webp,/images/heroes/hero-weathered-clay-paver-drive.webp,
2026-07-29T22:55:47.827411,best-driveway-material-for-new-york-homes,guides/best-driveway-material-for-new-york-homes/index.html,swapped,0,/images/pexels-pixabay-221540.webp,/images/heroes/hero-stamped-concrete-sunset-glow.webp,Best Driveway Material for New York Homes — Drivewayz USA,Sealed stamped concrete driveway glowing in warm sunset light,string,https://drivewayzusa.co/images/hero-best-driveway-material-for-new-york-homes.webp,https://drivewayzusa.co/images/heroes/hero-stamped-concrete-sunset-glow.webp,true,/images/pexels-pixabay-221540.webp,/images/heroes/hero-stamped-concrete-sunset-glow.webp,
2026-07-29T22:55:47.827727,best-driveway-material-for-south-carolina-homes,guides/best-driveway-material-for-south-carolina-homes/index.html,swapped,0,/images/pexels-pixabay-221540.webp,/images/heroes/hero-wet-chip-seal-rural-drive.webp,Best Driveway Material for South Carolina Homes — Drivewayz USA,Rain-darkened chip-seal driveway winding toward a rural property,string,https://drivewayzusa.co/images/hero-best-driveway-material-for-south-carolina-homes.webp,https://drivewayzusa.co/images/heroes/hero-wet-chip-seal-rural-drive.webp,true,/images/pexels-pixabay-221540.webp,/images/heroes/hero-wet-chip-seal-rural-drive.webp,
2026-07-29T22:55:47.828062,best-material-long-rural-driveway,guides/best-material-long-rural-driveway/index.html,swapped,0,/images/pexels-pixabay-221540.webp,/images/heroes/hero-gravel-drive-open-meadow.webp,Best Driveway Material for Long Rural Driveways — Drivewayz USA,Long gravel drive stretching past open meadow under warm evening light,string,https://drivewayzusa.co/images/hero-best-material-long-rural-driveway.webp,https://drivewayzusa.co/images/heroes/hero-gravel-drive-open-meadow.webp,true,/images/pexels-pixabay-221540.webp,/images/heroes/hero-gravel-drive-open-meadow.webp,
2026-07-29T22:55:47.828412,driveway-signage-stop-signs-speed-limits-and-address-markers,guides/driveway-signage-stop-signs-speed-limits-and-address-markers/index.html,swapped,0,/images/pexels-curtis-adams-1694007-3990589.webp,/images/heroes/hero-paver-apron-street-entry.webp,"Driveway Signage: Stop Signs, Speed Limits, and Address Markers — Drivewayz USA",Neat paver driveway apron meeting the street with clear open sight lines,string,https://drivewayzusa.co/images/hero-driveway-signage-stop-signs-speed-limits-and-address-markers.webp,https://drivewayzusa.co/images/heroes/hero-paver-apron-street-entry.webp,true,/images/pexels-curtis-adams-1694007-3990589.webp,/images/heroes/hero-paver-apron-street-entry.webp,
2026-07-29T22:55:47.828889,driveway-expert-witness-when-disputes-need-professional-opinion,guides/driveway-expert-witness-when-disputes-need-professional-opinion/index.html,swapped,0,/images/pexels-curtis-adams-1694007-3990589.webp,/images/heroes/hero-cracked-concrete-slab-detail.webp,Driveway Expert Witness: When Disputes Need Professional Opinion — Drivewayz USA,Deep cracks running across a weathered concrete slab in flat daylight,string,https://drivewayzusa.co/images/hero-driveway-expert-witness-when-disputes-need-professional-opinion.webp,https://drivewayzusa.co/images/heroes/hero-cracked-concrete-slab-detail.webp,true,/images/pexels-curtis-adams-1694007-3990589.webp,/images/heroes/hero-cracked-concrete-slab-detail.webp,
2026-07-29T22:55:47.829393,best-driveway-material-for-heavy-snow-regions-longevity-focus,guides/best-driveway-material-for-heavy-snow-regions-longevity-focus/index.html,swapped,0,/images/pexels-sobeslavjan-13838908.webp,/images/heroes/hero-wet-sealed-concrete-drive.webp,Best Driveway Material for Heavy Snow Regions (Longevity Focus) — Drivewayz USA,Sealed concrete driveway glistening wet under a gray sky,string,https://drivewayzusa.co/images/hero-best-driveway-material-for-heavy-snow-regions-longevity-focus.webp,https://drivewayzusa.co/images/heroes/hero-wet-sealed-concrete-drive.webp,true,/images/pexels-sobeslavjan-13838908.webp,/images/heroes/hero-wet-sealed-concrete-drive.webp,
2026-07-29T22:55:47.829823,asphalt-driveway-cost-in-connecticut-local-pricing,guides/asphalt-driveway-cost-in-connecticut-local-pricing/index.html,swapped,0,/images/pexels-introspectivedsgn-9890648.webp,/images/heroes/hero-fresh-asphalt-texture-closeup.webp,Asphalt Driveway Cost in Connecticut: Local Pricing — Drivewayz USA,Fresh black asphalt surface with fine aggregate texture up close,string,https://drivewayzusa.co/images/hero-asphalt-driveway-cost-in-connecticut-local-pricing.webp,https://drivewayzusa.co/images/heroes/hero-fresh-asphalt-texture-closeup.webp,true,/images/pexels-introspectivedsgn-9890648.webp,/images/heroes/hero-fresh-asphalt-texture-closeup.webp,
2026-07-29T22:55:47.830417,chip-seal-driveways-costs-and-longevity,guides/chip-seal-driveways-costs-and-longevity/index.html,swapped,0,/images/pexels-introspectivedsgn-7475608.webp,/images/heroes/hero-chip-seal-stone-texture.webp,Chip Seal Driveways: Costs and Longevity — Drivewayz USA,Rough chip seal surface of embedded stone chips in sunlight,string,https://drivewayzusa.co/images/hero-chip-seal-driveways-costs-and-longevity.webp,https://drivewayzusa.co/images/heroes/hero-chip-seal-stone-texture.webp,true,/images/pexels-introspectivedsgn-7475608.webp,/images/heroes/hero-chip-seal-stone-texture.webp,
2026-07-29T22:55:47.830813,driveway-permits-and-regulations-in-wisconsin,guides/driveway-permits-and-regulations-in-wisconsin/index.html,swapped,0,/images/pexels-curtis-adams-1694007-3990589.webp,/images/heroes/hero-staked-driveway-excavation-site.webp,Driveway Permits and Regulations in Wisconsin — Drivewayz USA,Excavated drive bed with grade stakes and string lines awaiting base stone,string,https://drivewayzusa.co/images/hero-driveway-permits-and-regulations-in-wisconsin.webp,https://drivewayzusa.co/images/heroes/hero-staked-driveway-excavation-site.webp,true,/images/pexels-curtis-adams-1694007-3990589.webp,/images/heroes/hero-staked-driveway-excavation-site.webp,
2026-07-29T22:55:47.831432,property-tax-impact-of-driveway-improvements,guides/property-tax-impact-of-driveway-improvements/index.html,swapped,0,/images/pexels-pixabay-221540.webp,/images/heroes/hero-new-paver-drive-lawn.webp,Property Tax Impact of Driveway Improvements — Drivewayz USA,New interlocking paver driveway bordered by a tidy green lawn,string,https://drivewayzusa.co/images/hero-property-tax-impact-of-driveway-improvements.webp,https://drivewayzusa.co/images/heroes/hero-new-paver-drive-lawn.webp,true,/images/pexels-pixabay-221540.webp,/images/heroes/hero-new-paver-drive-lawn.webp,
2026-07-29T22:55:47.831711,driveway-base-subgrade,guides/driveway-base-subgrade/index.html,skipped,0,,,,,,,,,,,hero_img_not_found
2026-07-29T22:55:47.832099,best-driveway-material-for-ohio-homes,guides/best-driveway-material-for-ohio-homes/index.html,swapped,0,/images/pexels-pixabay-221540.webp,/images/heroes/hero-smooth-concrete-suburban-drive.webp,Best Driveway Material for Ohio Homes — Drivewayz USA,Smooth concrete driveway leading to a suburban garage on a sunny day,string,https://drivewayzusa.co/images/hero-best-driveway-material-for-ohio-homes.webp,https://drivewayzusa.co/images/heroes/hero-smooth-concrete-suburban-drive.webp,true,/images/pexels-pixabay-221540.webp,/images/heroes/hero-smooth-concrete-suburban-drive.webp,
2026-07-29T22:55:47.832646,driveway-pothole-repair-step-by-step-fix-guide,guides/driveway-pothole-repair-step-by-step-fix-guide/index.html,swapped,0,/images/pexels-artbovich-8134848.webp,/images/heroes/hero-pothole-fresh-patch-asphalt.webp,Driveway Pothole Repair: Step-by-Step Fix Guide — Drivewayz USA,Asphalt pothole filled with fresh patch material beside crumbling edges,string,https://drivewayzusa.co/images/hero-driveway-pothole-repair-step-by-step-fix-guide.webp,https://drivewayzusa.co/images/heroes/hero-pothole-fresh-patch-asphalt.webp,true,/images/pexels-artbovich-8134848.webp,/images/heroes/hero-pothole-fresh-patch-asphalt.webp,
2026-07-29T22:55:47.832971,resin-bound-driveway-cost-per-square-foot-guide,guides/resin-bound-driveway-cost-per-square-foot-guide/index.html,swapped,0,/images/pexels-introspectivedsgn-7475608.webp,/images/heroes/hero-resin-bound-aggregate-texture.webp,Resin-Bound Driveway Cost per Square Foot Guide — Drivewayz USA,Smooth resin bound surface of warm mixed aggregate stones,string,https://drivewayzusa.co/images/hero-resin-bound-driveway-cost-per-square-foot-guide.webp,https://drivewayzusa.co/images/heroes/hero-resin-bound-aggregate-texture.webp,true,/images/pexels-introspectivedsgn-7475608.webp,/images/heroes/hero-resin-bound-aggregate-texture.webp,
2026-07-29T22:55:47.833675,resin-vs-block-paving-driveway-a-full-comparison,guides/resin-vs-block-paving-driveway-a-full-comparison/index.html,swapped,0,/images/pexels-introspectivedsgn-7475608.webp,/images/heroes/hero-resin-meets-paver-edge.webp,Resin vs Block Paving Driveway: A Full Comparison — Drivewayz USA,Speckled bound stone surface ending at a neat row of clay bricks,string,https://drivewayzusa.co/images/hero-resin-vs-block-paving-driveway-a-full-comparison.webp,https://drivewayzusa.co/images/heroes/hero-resin-meets-paver-edge.webp,true,/images/pexels-introspectivedsgn-7475608.webp,/images/heroes/hero-resin-meets-paver-edge.webp,
2026-07-29T22:55:47.834154,best-driveway-material-for-washington-homes,guides/best-driveway-material-for-washington-homes/index.html,swapped,0,/images/pexels-pixabay-221540.webp,/images/heroes/hero-rain-dark-asphalt-frontage.webp,Best Driveway Material for Washington Homes — Drivewayz USA,Dark asphalt driveway gleaming after rain in front of a house,string,https://drivewayzusa.co/images/hero-best-driveway-material-for-washington-homes.webp,https://drivewayzusa.co/images/heroes/hero-rain-dark-asphalt-frontage.webp,true,/images/pexels-pixabay-221540.webp,/images/heroes/hero-rain-dark-asphalt-frontage.webp,
2026-07-29T22:55:47.834549,budget-driveway-small-urban-lot,guides/budget-driveway-small-urban-lot/index.html,swapped,0,/images/pexels-pixabay-221540.webp,/images/heroes/hero-ribbon-driveway-grass-median.webp,Best Budget Driveway for Small Urban Lots — Drivewayz USA,Cracked concrete ribbon strips with a grass center on a small lot,string,https://drivewayzusa.co/images/hero-budget-driveway-small-urban-lot.webp,https://drivewayzusa.co/images/heroes/hero-ribbon-driveway-grass-median.webp,true,/images/pexels-pixabay-221540.webp,/images/heroes/hero-ribbon-driveway-grass-median.webp,
2026-07-29T22:55:47.834882,channel-drain-options-for-driveways,guides/channel-drain-options-for-driveways/index.html,swapped,0,/images/pexels-pixabay-221540.webp,/images/heroes/hero-channel-drain-grate-concrete.webp,Channel Drain Options for Driveways — Drivewayz USA,Long metal grate set flush across rain wet concrete,string,https://drivewayzusa.co/images/hero-channel-drain-options-for-driveways.webp,https://drivewayzusa.co/images/heroes/hero-channel-drain-grate-concrete.webp,true,/images/pexels-pixabay-221540.webp,/images/heroes/hero-channel-drain-grate-concrete.webp,
2026-07-29T22:55:47.835235,driveway-roi-how-much-does-a-new-driveway-add-to-home-value,guides/driveway-roi-how-much-does-a-new-driveway-add-to-home-value/index.html,swapped,0,/images/pexels-curtis-adams-1694007-3990589.webp,/images/heroes/hero-evening-light-paver-drive.webp,Driveway ROI: How Much Does a New Driveway Add to Home Value? — Drivewayz USA,Sealed paver driveway glowing in warm evening light beside a house,string,https://drivewayzusa.co/images/hero-driveway-roi-how-much-does-a-new-driveway-add-to-home-value.webp,https://drivewayzusa.co/images/heroes/hero-evening-light-paver-drive.webp,true,/images/pexels-curtis-adams-1694007-3990589.webp,/images/heroes/hero-evening-light-paver-drive.webp,
2026-07-29T22:55:47.835908,best-driveway-material-for-california-homes,guides/best-driveway-material-for-california-homes/index.html,swapped,0,/images/pexels-pixabay-221540.webp,/images/heroes/hero-sunlit-concrete-drive-entry.webp,Best Driveway Material for California Homes — Drivewayz USA,Sunlit concrete driveway curving toward a garage framed by shrubs,string,https://drivewayzusa.co/images/hero-best-driveway-material-for-california-homes.webp,https://drivewayzusa.co/images/heroes/hero-sunlit-concrete-drive-entry.webp,true,/images/pexels-pixabay-221540.webp,/images/heroes/hero-sunlit-concrete-drive-entry.webp,
2026-07-29T22:55:47.836221,driveway-sealing-cost-diy-vs-professional,guides/driveway-sealing-cost-diy-vs-professional/index.html,swapped,0,/images/pexels-artbovich-8134848.webp,/images/heroes/hero-half-sealed-asphalt-drive.webp,Driveway Sealing Cost: DIY vs Professional — Drivewayz USA,Half of an asphalt drive coated in fresh black sealer,string,https://drivewayzusa.co/images/hero-driveway-sealing-cost-diy-vs-professional.webp,https://drivewayzusa.co/images/heroes/hero-half-sealed-asphalt-drive.webp,true,/images/pexels-artbovich-8134848.webp,/images/heroes/hero-half-sealed-asphalt-drive.webp,
2026-07-29T22:55:47.836947,best-driveway-material-for-virginia-homes,guides/best-driveway-material-for-virginia-homes/index.html,swapped,0,/images/pexels-pixabay-221540.webp,/images/heroes/hero-weathered-asphalt-country-lane.webp,Best Driveway Material for Virginia Homes — Drivewayz USA,Weathered asphalt driveway winding between trees toward a country home,string,https://drivewayzusa.co/images/hero-best-driveway-material-for-virginia-homes.webp,https://drivewayzusa.co/images/heroes/hero-weathered-asphalt-country-lane.webp,true,/images/pexels-pixabay-221540.webp,/images/heroes/hero-weathered-asphalt-country-lane.webp,
2026-07-29T22:55:47.837605,concrete-driveway-cost-in-north-carolina-2026-price-guide,guides/concrete-driveway-cost-in-north-carolina-2026-price-guide/index.html,swapped,0,/images/pexels-goodcitizen-1315919.webp,/images/heroes/hero-new-concrete-sawn-joints.webp,Concrete Driveway Cost in North Carolina: 2026 Price Guide — Drivewayz USA,New concrete driveway surface with straight sawn control joints,string,https://drivewayzusa.co/images/hero-concrete-driveway-cost-in-north-carolina-2026-price-guide.webp,https://drivewayzusa.co/images/heroes/hero-new-concrete-sawn-joints.webp,true,/images/pexels-goodcitizen-1315919.webp,/images/heroes/hero-new-concrete-sawn-joints.webp,
2026-07-29T22:55:47.838129,concrete-driveway-cost-in-ohio-2026-price-guide,guides/concrete-driveway-cost-in-ohio-2026-price-guide/index.html,swapped,0,/images/pexels-goodcitizen-1315919.webp,/images/heroes/hero-fresh-concrete-pour-forms.webp,Concrete Driveway Cost in Ohio: 2026 Price Guide — Drivewayz USA,Freshly poured concrete driveway still framed by wooden edge forms,string,https://drivewayzusa.co/images/hero-concrete-driveway-cost-in-ohio-2026-price-guide.webp,https://drivewayzusa.co/images/heroes/hero-fresh-concrete-pour-forms.webp,true,/images/pexels-goodcitizen-1315919.webp,/images/heroes/hero-fresh-concrete-pour-forms.webp,
2026-07-29T22:55:47.838668,driveway-slurry-seal-thin-protective-layer-application,guides/driveway-slurry-seal-thin-protective-layer-application/index.html,swapped,0,/images/pexels-curtis-adams-1694007-3990589.webp,/images/heroes/hero-slurry-coated-asphalt-surface.webp,Driveway Slurry Seal: Thin Protective Layer Application — Drivewayz USA,Smooth dark coating freshly spread over an asphalt surface,string,https://drivewayzusa.co/images/hero-driveway-slurry-seal-thin-protective-layer-application.webp,https://drivewayzusa.co/images/heroes/hero-slurry-coated-asphalt-surface.webp,true,/images/pexels-curtis-adams-1694007-3990589.webp,/images/heroes/hero-slurry-coated-asphalt-surface.webp,
2026-07-29T22:55:47.839048,best-driveway-material-for-new-hampshire-homes,guides/best-driveway-material-for-new-hampshire-homes/index.html,swapped,0,/images/pexels-pixabay-221540.webp,/images/heroes/hero-weathered-paver-front-entry.webp,Best Driveway Material for New Hampshire Homes — Drivewayz USA,Weathered clay paver driveway leading to a front entry in gray light,string,https://drivewayzusa.co/images/hero-best-driveway-material-for-new-hampshire-homes.webp,https://drivewayzusa.co/images/heroes/hero-weathered-paver-front-entry.webp,true,/images/pexels-pixabay-221540.webp,/images/heroes/hero-weathered-paver-front-entry.webp,
2026-07-29T22:55:47.839348,best-driveway-material-for-north-carolina-homes,guides/best-driveway-material-for-north-carolina-homes/index.html,swapped,0,/images/pexels-pixabay-221540.webp,/images/heroes/hero-cobblestone-drive-evening-glow.webp,Best Driveway Material for North Carolina Homes — Drivewayz USA,Weathered cobblestone driveway catching warm evening light along its edge,string,https://drivewayzusa.co/images/hero-best-driveway-material-for-north-carolina-homes.webp,https://drivewayzusa.co/images/heroes/hero-cobblestone-drive-evening-glow.webp,true,/images/pexels-pixabay-221540.webp,/images/heroes/hero-cobblestone-drive-evening-glow.webp,
2026-07-29T22:55:47.840002,driveway-permits-and-regulations-in-kentucky,guides/driveway-permits-and-regulations-in-kentucky/index.html,swapped,0,/images/pexels-curtis-adams-1694007-3990589.webp,/images/heroes/hero-concrete-apron-at-curb-cut.webp,Driveway Permits and Regulations in Kentucky — Drivewayz USA,Concrete driveway apron meeting the street at a wide curb cut,string,https://drivewayzusa.co/images/hero-driveway-permits-and-regulations-in-kentucky.webp,https://drivewayzusa.co/images/heroes/hero-concrete-apron-at-curb-cut.webp,true,/images/pexels-curtis-adams-1694007-3990589.webp,/images/heroes/hero-concrete-apron-at-curb-cut.webp,
2026-07-29T22:55:47.840247,driveway-sealing,guides/driveway-sealing/index.html,skipped,0,,,,,,,,,,,hero_img_not_found
2026-07-29T22:55:47.840630,driveway-water-absorption-rate-material-porosity-comparison,guides/driveway-water-absorption-rate-material-porosity-comparison/index.html,swapped,0,/images/pexels-curtis-adams-1694007-3990589.webp,/images/heroes/hero-water-beads-sealed-concrete.webp,Driveway Water Absorption Rate: Material Porosity Comparison — Drivewayz USA,Water beads pooling on a dense sealed concrete surface after rain,string,https://drivewayzusa.co/images/hero-driveway-water-absorption-rate-material-porosity-comparison.webp,https://drivewayzusa.co/images/heroes/hero-water-beads-sealed-concrete.webp,true,/images/pexels-curtis-adams-1694007-3990589.webp,/images/heroes/hero-water-beads-sealed-concrete.webp,
2026-07-29T22:55:47.841020,accessible-driveway-design-ada-considerations,guides/accessible-driveway-design-ada-considerations/index.html,swapped,0,/images/pexels-pixabay-221540.webp,/images/heroes/hero-wide-flush-concrete-entry-ramp.webp,Accessible Driveway Design: ADA Considerations — Drivewayz USA,Wide smooth concrete driveway with a flush level walkway entry,string,https://drivewayzusa.co/images/hero-accessible-driveway-design-ada-considerations.webp,https://drivewayzusa.co/images/heroes/hero-wide-flush-concrete-entry-ramp.webp,true,/images/pexels-pixabay-221540.webp,/images/heroes/hero-wide-flush-concrete-entry-ramp.webp,
2026-07-29T22:55:47.841413,asphalt-driveway-cost-in-arizona-local-pricing,guides/asphalt-driveway-cost-in-arizona-local-pricing/index.html,swapped,0,/images/pexels-introspectivedsgn-9890648.webp,/images/heroes/hero-fresh-asphalt-mat-texture.webp,Asphalt Driveway Cost in Arizona: Local Pricing — Drivewayz USA,Freshly compacted asphalt mat showing tight texture under midday sun,string,https://drivewayzusa.co/images/hero-asphalt-driveway-cost-in-arizona-local-pricing.webp,https://drivewayzusa.co/images/heroes/hero-fresh-asphalt-mat-texture.webp,true,/images/pexels-introspectivedsgn-9890648.webp,/images/heroes/hero-fresh-asphalt-mat-texture.webp,
2026-07-29T22:55:47.841783,asphalt-driveway-cost-in-west-virginia-local-pricing,guides/asphalt-driveway-cost-in-west-virginia-local-pricing/index.html,swapped,0,/images/pexels-introspectivedsgn-9890648.webp,/images/heroes/hero-cracked-asphalt-exposed-aggregate-stones.webp,Asphalt Driveway Cost in West Virginia: Local Pricing — Drivewayz USA,Cracked asphalt closeup with exposed stones and worn gray patches,string,https://drivewayzusa.co/images/hero-asphalt-driveway-cost-in-west-virginia-local-pricing.webp,https://drivewayzusa.co/images/heroes/hero-cracked-asphalt-exposed-aggregate-stones.webp,true,/images/pexels-introspectivedsgn-9890648.webp,/images/heroes/hero-cracked-asphalt-exposed-aggregate-stones.webp,
2026-07-29T22:55:47.842101,asphalt-sealing-best-products-and-application-tips,guides/asphalt-sealing-best-products-and-application-tips/index.html,swapped,0,/images/pexels-introspectivedsgn-9890648.webp,/images/heroes/hero-sealcoat-brush-strokes-blacktop.webp,Asphalt Sealing: Best Products and Application Tips — Drivewayz USA,Sealcoat brush strokes glistening across a damp blacktop surface,string,https://drivewayzusa.co/images/hero-asphalt-sealing-best-products-and-application-tips.webp,https://drivewayzusa.co/images/heroes/hero-sealcoat-brush-strokes-blacktop.webp,true,/images/pexels-introspectivedsgn-9890648.webp,/images/heroes/hero-sealcoat-brush-strokes-blacktop.webp,
2026-07-29T22:55:47.842438,best-budget-driveway-material-for-hot-climates,guides/best-budget-driveway-material-for-hot-climates/index.html,swapped,0,/images/pexels-sobeslavjan-13838908.webp,/images/heroes/hero-gravel-lane-dry-sun.webp,Best Budget Driveway Material for Hot Climates — Drivewayz USA,Worn gravel lane running straight through dry sun baked grass,string,https://drivewayzusa.co/images/hero-best-budget-driveway-material-for-hot-climates.webp,https://drivewayzusa.co/images/heroes/hero-gravel-lane-dry-sun.webp,true,/images/pexels-sobeslavjan-13838908.webp,/images/heroes/hero-gravel-lane-dry-sun.webp,
2026-07-29T22:55:47.842756,best-driveway-material-for-coastal-and-salt-air-environments,guides/best-driveway-material-for-coastal-and-salt-air-environments/index.html,swapped,0,/images/pexels-pixabay-221540.webp,/images/heroes/hero-salt-stained-weathered-concrete.webp,Best Driveway Material for Coastal and Salt Air Environments — Drivewayz USA,Weathered concrete driveway edges stained pale by salt residue,string,https://drivewayzusa.co/images/hero-best-driveway-material-for-coastal-and-salt-air-environments.webp,https://drivewayzusa.co/images/heroes/hero-salt-stained-weathered-concrete.webp,true,/images/pexels-pixabay-221540.webp,/images/heroes/hero-salt-stained-weathered-concrete.webp,
2026-07-29T22:55:47.843123,best-driveway-material-for-hot-climates-longevity-focus,guides/best-driveway-material-for-hot-climates-longevity-focus/index.html,swapped,0,/images/pexels-sobeslavjan-13838908.webp,/images/heroes/hero-brick-pavers-harsh-midday-sun.webp,Best Driveway Material for Hot Climates (Longevity Focus) — Drivewayz USA,Brick paver driveway in full harsh midday sun before a home,string,https://drivewayzusa.co/images/hero-best-driveway-material-for-hot-climates-longevity-focus.webp,https://drivewayzusa.co/images/heroes/hero-brick-pavers-harsh-midday-sun.webp,true,/images/pexels-sobeslavjan-13838908.webp,/images/heroes/hero-brick-pavers-harsh-midday-sun.webp,
2026-07-29T22:55:47.843425,best-driveway-material-for-west-virginia-homes,guides/best-driveway-material-for-west-virginia-homes/index.html,swapped,0,/images/pexels-pixabay-221540.webp,/images/heroes/hero-gravel-bend-open-pasture.webp,Best Driveway Material for West Virginia Homes — Drivewayz USA,Weathered gravel driveway bending through open pasture under gray sky,string,https://drivewayzusa.co/images/hero-best-driveway-material-for-west-virginia-homes.webp,https://drivewayzusa.co/images/heroes/hero-gravel-bend-open-pasture.webp,true,/images/pexels-pixabay-221540.webp,/images/heroes/hero-gravel-bend-open-pasture.webp,
2026-07-29T22:55:47.843786,coastal-regions-best-driveway-materials-for-california,guides/coastal-regions-best-driveway-materials-for-california/index.html,swapped,0,/images/pexels-pixabay-221540.webp,/images/heroes/hero-cobblestone-rounded-stones-dusk-light.webp,Coastal Regions: Best Driveway Materials for California — Drivewayz USA,Weathered cobblestone driveway of rounded stones glowing in dusk light,string,https://drivewayzusa.co/images/hero-coastal-regions-best-driveway-materials-for-california.webp,https://drivewayzusa.co/images/heroes/hero-cobblestone-rounded-stones-dusk-light.webp,true,/images/pexels-pixabay-221540.webp,/images/heroes/hero-cobblestone-rounded-stones-dusk-light.webp,
2026-07-29T22:55:47.845377,cold-climates-best-driveway-materials-for-michigan,guides/cold-climates-best-driveway-materials-for-michigan/index.html,swapped,1,/images/pexels-sobeslavjan-13838908.webp,/images/heroes/hero-frost-dusted-concrete-morning.webp,Cold Climates: Best Driveway Materials for Michigan — Drivewayz USA,Frost dusted concrete driveway under a flat pale winter sky,string,https://drivewayzusa.co/images/hero-cold-climates-best-driveway-materials-for-michigan.webp,https://drivewayzusa.co/images/heroes/hero-frost-dusted-concrete-morning.webp,true,/images/pexels-sobeslavjan-13838908.webp,/images/heroes/hero-frost-dusted-concrete-morning.webp,
2026-07-29T22:55:47.846247,driveway-before-and-after-concrete-transformation-gallery,guides/driveway-before-and-after-concrete-transformation-gallery/index.html,swapped,0,/images/pexels-curtis-adams-1694007-3990589.webp,/images/heroes/hero-weathered-meets-fresh-concrete-pour.webp,Driveway Before and After: Concrete Transformation Gallery — Drivewayz USA,Joint line where weathered gray concrete meets a fresh new pour,string,https://drivewayzusa.co/images/hero-driveway-before-and-after-concrete-transformation-gallery.webp,https://drivewayzusa.co/images/heroes/hero-weathered-meets-fresh-concrete-pour.webp,true,/images/pexels-curtis-adams-1694007-3990589.webp,/images/heroes/hero-weathered-meets-fresh-concrete-pour.webp,
2026-07-29T22:55:47.846763,driveway-concrete-reinforcement-methods-compared,guides/driveway-concrete-reinforcement-methods-compared/index.html,swapped,0,/images/pexels-curtis-adams-1694007-3990589.webp,/images/heroes/hero-steel-rebar-grid-gravel-base.webp,Driveway Concrete Reinforcement Methods Compared — Drivewayz USA,Steel rebar grid laid over a compacted gravel base before pouring,string,https://drivewayzusa.co/images/hero-driveway-concrete-reinforcement-methods-compared.webp,https://drivewayzusa.co/images/heroes/hero-steel-rebar-grid-gravel-base.webp,true,/images/pexels-curtis-adams-1694007-3990589.webp,/images/heroes/hero-steel-rebar-grid-gravel-base.webp,
2026-07-29T22:55:47.850113,driveway-paint-remover-safe-options-for-different-surfaces,guides/driveway-paint-remover-safe-options-for-different-surfaces/index.html,swapped,3,/images/pexels-curtis-adams-1694007-3990589.webp,/images/heroes/hero-faded-paint-stain-concrete.webp,Driveway Paint Remover: Safe Options for Different Surfaces — Drivewayz USA,Faded paint stain partially lifted from a weathered concrete surface,string,https://drivewayzusa.co/images/hero-driveway-paint-remover-safe-options-for-different-surfaces.webp,https://drivewayzusa.co/images/heroes/hero-faded-paint-stain-concrete.webp,true,/images/pexels-curtis-adams-1694007-3990589.webp,/images/heroes/hero-faded-paint-stain-concrete.webp,
2026-07-29T22:55:47.850719,driveway-permits-and-regulations-in-arkansas,guides/driveway-permits-and-regulations-in-arkansas/index.html,swapped,0,/images/pexels-curtis-adams-1694007-3990589.webp,/images/heroes/hero-driveway-apron-sidewalk-crossing.webp,Driveway Permits and Regulations in Arkansas — Drivewayz USA,Concrete driveway apron crossing the sidewalk on a quiet street,string,https://drivewayzusa.co/images/hero-driveway-permits-and-regulations-in-arkansas.webp,https://drivewayzusa.co/images/heroes/hero-driveway-apron-sidewalk-crossing.webp,true,/images/pexels-curtis-adams-1694007-3990589.webp,/images/heroes/hero-driveway-apron-sidewalk-crossing.webp,
2026-07-29T22:55:47.851186,driveway-permits-and-regulations-in-utah,guides/driveway-permits-and-regulations-in-utah/index.html,swapped,0,/images/pexels-curtis-adams-1694007-3990589.webp,/images/heroes/hero-wide-curb-cut-entry.webp,Driveway Permits and Regulations in Utah — Drivewayz USA,Clean new concrete driveway entrance with a wide curb cut,string,https://drivewayzusa.co/images/hero-driveway-permits-and-regulations-in-utah.webp,https://drivewayzusa.co/images/heroes/hero-wide-curb-cut-entry.webp,true,/images/pexels-curtis-adams-1694007-3990589.webp,/images/heroes/hero-wide-curb-cut-entry.webp,
2026-07-29T22:55:47.851509,driveway-weed-barrier-installation-under-pavers-and-gravel,guides/driveway-weed-barrier-installation-under-pavers-and-gravel/index.html,swapped,0,/images/pexels-curtis-adams-1694007-3990589.webp,/images/heroes/hero-weed-barrier-fabric-gravel-base.webp,Driveway Weed Barrier Installation: Under Pavers and Gravel — Drivewayz USA,Black weed barrier fabric spread flat under a fresh gravel layer,string,https://drivewayzusa.co/images/hero-driveway-weed-barrier-installation-under-pavers-and-gravel.webp,https://drivewayzusa.co/images/heroes/hero-weed-barrier-fabric-gravel-base.webp,true,/images/pexels-curtis-adams-1694007-3990589.webp,/images/heroes/hero-weed-barrier-fabric-gravel-base.webp,
2026-07-29T22:55:47.851986,gravel-vs-paved-driveway-which-is-right-for-you,guides/gravel-vs-paved-driveway-which-is-right-for-you/index.html,swapped,0,/images/pexels-pixabay-277667.webp,/images/heroes/hero-loose-gravel-asphalt-edge.webp,Gravel vs Paved Driveway: Which Is Right for You? — Drivewayz USA,Loose weathered gravel edge ending against a strip of asphalt,string,https://drivewayzusa.co/images/hero-gravel-vs-paved-driveway-which-is-right-for-you.webp,https://drivewayzusa.co/images/heroes/hero-loose-gravel-asphalt-edge.webp,true,/images/pexels-pixabay-277667.webp,/images/heroes/hero-loose-gravel-asphalt-edge.webp,
2026-07-29T22:55:47.852405,hot-climates-best-driveway-materials-for-arizona,guides/hot-climates-best-driveway-materials-for-arizona/index.html,swapped,0,/images/pexels-sobeslavjan-13838908.webp,/images/heroes/hero-pale-concrete-harsh-sun.webp,Hot Climates: Best Driveway Materials for Arizona — Drivewayz USA,Pale new concrete driveway glaring under a relentless midday sun,string,https://drivewayzusa.co/images/hero-hot-climates-best-driveway-materials-for-arizona.webp,https://drivewayzusa.co/images/heroes/hero-pale-concrete-harsh-sun.webp,true,/images/pexels-sobeslavjan-13838908.webp,/images/heroes/hero-pale-concrete-harsh-sun.webp,
2026-07-29T22:55:47.853057,understanding-driveway-warranties-whats-covered,guides/understanding-driveway-warranties-whats-covered/index.html,swapped,0,/images/pexels-pixabay-221540.webp,/images/heroes/hero-cracked-concrete-slab-golden-light.webp,Understanding Driveway Warranties: What&amp;#x27;s Covered? — Drivewayz USA,Cracked concrete driveway slab leading to a garage in golden light,string,https://drivewayzusa.co/images/hero-understanding-driveway-warranties-whats-covered.webp,https://drivewayzusa.co/images/heroes/hero-cracked-concrete-slab-golden-light.webp,true,/images/pexels-pixabay-221540.webp,/images/heroes/hero-cracked-concrete-slab-golden-light.webp,
2026-07-29T22:55:47.854007,when-can-you-drive-and-park-on-a-new-driveway,guides/when-can-you-drive-and-park-on-a-new-driveway/index.html,swapped,0,/images/pexels-pixabay-221540.webp,/images/heroes/hero-fresh-concrete-curing-sheen.webp,When Can You Drive and Park on a New Driveway? — Drivewayz USA,Fresh concrete driveway curing under warm low evening light,string,https://drivewayzusa.co/images/hero-when-can-you-drive-and-park-on-a-new-driveway.webp,https://drivewayzusa.co/images/heroes/hero-fresh-concrete-curing-sheen.webp,true,/images/pexels-pixabay-221540.webp,/images/heroes/hero-fresh-concrete-curing-sheen.webp,
2026-07-29T22:55:47.854636,acid-staining-a-concrete-driveway-unique-effects,guides/acid-staining-a-concrete-driveway-unique-effects/index.html,swapped,0,/images/pexels-pixabay-221540.webp,/images/heroes/hero-acid-stained-swirl-pattern.webp,Acid Staining a Concrete Driveway: Unique Effects — Drivewayz USA,Mottled brown swirl patterns across a sealed acid stained concrete slab,string,https://drivewayzusa.co/images/hero-acid-staining-a-concrete-driveway-unique-effects.webp,https://drivewayzusa.co/images/heroes/hero-acid-stained-swirl-pattern.webp,true,/images/pexels-pixabay-221540.webp,/images/heroes/hero-acid-stained-swirl-pattern.webp,
2026-07-29T22:55:47.855157,airbnb-driveway-requirements-parking-for-short-term-rentals,guides/airbnb-driveway-requirements-parking-for-short-term-rentals/index.html,swapped,0,/images/pexels-pixabay-221540.webp,/images/heroes/hero-wide-paver-parking-apron.webp,Airbnb Driveway Requirements: Parking for Short-Term Rentals — Drivewayz USA,Extra wide paver driveway apron with space for two vehicles,string,https://drivewayzusa.co/images/hero-airbnb-driveway-requirements-parking-for-short-term-rentals.webp,https://drivewayzusa.co/images/heroes/hero-wide-paver-parking-apron.webp,true,/images/pexels-pixabay-221540.webp,/images/heroes/hero-wide-paver-parking-apron.webp,
2026-07-29T22:55:47.855525,annual-driveway-maintenance-costs-by-material-type,guides/annual-driveway-maintenance-costs-by-material-type/index.html,swapped,0,/images/pexels-artbovich-8134848.webp,/images/heroes/hero-sealant-band-half-finished-asphalt.webp,Annual Driveway Maintenance Costs by Material Type — Drivewayz USA,Fresh black sealant band spreading across weathered asphalt in progress,string,https://drivewayzusa.co/images/hero-annual-driveway-maintenance-costs-by-material-type.webp,https://drivewayzusa.co/images/heroes/hero-sealant-band-half-finished-asphalt.webp,true,/images/pexels-artbovich-8134848.webp,/images/heroes/hero-sealant-band-half-finished-asphalt.webp,
2026-07-29T22:55:47.855824,ant-hill-prevention-in-paver-driveways,guides/ant-hill-prevention-in-paver-driveways/index.html,swapped,0,/images/pexels-pixabay-221540.webp,/images/heroes/hero-ant-hill-sand-mounds-pavers.webp,Ant Hill Prevention in Paver Driveways — Drivewayz USA,Tiny excavated sand mounds crowding the joints of weathered paving blocks,string,https://drivewayzusa.co/images/hero-ant-hill-prevention-in-paver-driveways.webp,https://drivewayzusa.co/images/heroes/hero-ant-hill-sand-mounds-pavers.webp,true,/images/pexels-pixabay-221540.webp,/images/heroes/hero-ant-hill-sand-mounds-pavers.webp,
2026-07-29T22:55:47.856140,anti-ice-coatings-for-driveways,guides/anti-ice-coatings-for-driveways/index.html,swapped,0,/images/pexels-pixabay-221540.webp,/images/heroes/hero-glossy-anti-ice-coating-concrete.webp,Anti-Ice Coatings for Driveways — Drivewayz USA,Glossy clear coating beading meltwater across a sealed concrete surface,string,https://drivewayzusa.co/images/hero-anti-ice-coatings-for-driveways.webp,https://drivewayzusa.co/images/heroes/hero-glossy-anti-ice-coating-concrete.webp,true,/images/pexels-pixabay-221540.webp,/images/heroes/hero-glossy-anti-ice-coating-concrete.webp,
2026-07-29T22:55:47.856447,apartment-complex-driveway-design,guides/apartment-complex-driveway-design/index.html,swapped,0,/images/pexels-pixabay-221540.webp,/images/heroes/hero-wide-asphalt-entry-parking-bays.webp,Apartment Complex Driveway Design — Drivewayz USA,Wide new asphalt entry lane curving past shared parking bays,string,https://drivewayzusa.co/images/hero-apartment-complex-driveway-design.webp,https://drivewayzusa.co/images/heroes/hero-wide-asphalt-entry-parking-bays.webp,true,/images/pexels-pixabay-221540.webp,/images/heroes/hero-wide-asphalt-entry-parking-bays.webp,
2026-07-29T22:55:47.856723,asphalt-compaction-tools-and-techniques,guides/asphalt-compaction-tools-and-techniques/index.html,swapped,0,/images/pexels-introspectivedsgn-9890648.webp,/images/heroes/hero-plate-compactor-fresh-asphalt-mat.webp,Asphalt Compaction: Tools and Techniques — Drivewayz USA,Plate compactor resting on a freshly spread hot asphalt mat,string,https://drivewayzusa.co/images/hero-asphalt-compaction-tools-and-techniques.webp,https://drivewayzusa.co/images/heroes/hero-plate-compactor-fresh-asphalt-mat.webp,true,/images/pexels-introspectivedsgn-9890648.webp,/images/heroes/hero-plate-compactor-fresh-asphalt-mat.webp,
2026-07-29T22:55:47.857034,asphalt-driveway-alligator-cracking-what-it-means-and-how-to-fix-it,guides/asphalt-driveway-alligator-cracking-what-it-means-and-how-to-fix-it/index.html,swapped,0,/images/pexels-introspectivedsgn-9890648.webp,/images/heroes/hero-alligator-crack-pattern-asphalt.webp,Asphalt Driveway Alligator Cracking: What It Means and How to Fix It — Drivewayz USA,Interconnected polygon cracks spreading across a faded asphalt surface,string,https://drivewayzusa.co/images/hero-asphalt-driveway-alligator-cracking-what-it-means-and-how-to-fix-it.webp,https://drivewayzusa.co/images/heroes/hero-alligator-crack-pattern-asphalt.webp,true,/images/pexels-introspectivedsgn-9890648.webp,/images/heroes/hero-alligator-crack-pattern-asphalt.webp,
2026-07-29T22:55:47.857341,asphalt-driveway-cost-in-alabama-local-pricing,guides/asphalt-driveway-cost-in-alabama-local-pricing/index.html,swapped,0,/images/pexels-introspectivedsgn-9890648.webp,/images/heroes/hero-fresh-asphalt-aggregate-texture.webp,Asphalt Driveway Cost in Alabama: Local Pricing — Drivewayz USA,Tight aggregate texture of a freshly paved asphalt surface at midday,string,https://drivewayzusa.co/images/hero-asphalt-driveway-cost-in-alabama-local-pricing.webp,https://drivewayzusa.co/images/heroes/hero-fresh-asphalt-aggregate-texture.webp,true,/images/pexels-introspectivedsgn-9890648.webp,/images/heroes/hero-fresh-asphalt-aggregate-texture.webp,
2026-07-29T22:55:47.857604,asphalt-driveway-cost-in-alaska-local-pricing,guides/asphalt-driveway-cost-in-alaska-local-pricing/index.html,swapped,0,/images/pexels-introspectivedsgn-9890648.webp,/images/heroes/hero-asphalt-edge-form-board.webp,Asphalt Driveway Cost in Alaska: Local Pricing — Drivewayz USA,Fresh asphalt edge lined by a wooden form board under overcast sky,string,https://drivewayzusa.co/images/hero-asphalt-driveway-cost-in-alaska-local-pricing.webp,https://drivewayzusa.co/images/heroes/hero-asphalt-edge-form-board.webp,true,/images/pexels-introspectivedsgn-9890648.webp,/images/heroes/hero-asphalt-edge-form-board.webp,
2026-07-29T22:55:47.857917,asphalt-driveway-cost-in-arkansas-local-pricing,guides/asphalt-driveway-cost-in-arkansas-local-pricing/index.html,swapped,0,/images/pexels-introspectivedsgn-9890648.webp,/images/heroes/hero-long-asphalt-drive-sunset.webp,Asphalt Driveway Cost in Arkansas: Local Pricing — Drivewayz USA,Long weathered asphalt drive glowing under low golden evening light,string,https://drivewayzusa.co/images/hero-asphalt-driveway-cost-in-arkansas-local-pricing.webp,https://drivewayzusa.co/images/heroes/hero-long-asphalt-drive-sunset.webp,true,/images/pexels-introspectivedsgn-9890648.webp,/images/heroes/hero-long-asphalt-drive-sunset.webp,
2026-07-29T22:55:47.858258,asphalt-driveway-cost-in-california-local-pricing,guides/asphalt-driveway-cost-in-california-local-pricing/index.html,swapped,0,/images/pexels-introspectivedsgn-9890648.webp,/images/heroes/hero-rain-beaded-sealed-asphalt.webp,Asphalt Driveway Cost in California: Local Pricing — Drivewayz USA,Raindrops beading across a dark sealed asphalt surface after rain,string,https://drivewayzusa.co/images/hero-asphalt-driveway-cost-in-california-local-pricing.webp,https://drivewayzusa.co/images/heroes/hero-rain-beaded-sealed-asphalt.webp,true,/images/pexels-introspectivedsgn-9890648.webp,/images/heroes/hero-rain-beaded-sealed-asphalt.webp,
2026-07-29T22:55:47.858528,asphalt-driveway-cost-in-colorado-local-pricing,guides/asphalt-driveway-cost-in-colorado-local-pricing/index.html,swapped,0,/images/pexels-introspectivedsgn-9890648.webp,/images/heroes/hero-asphalt-patch-seam-detail.webp,Asphalt Driveway Cost in Colorado: Local Pricing — Drivewayz USA,Straight seam of a fresh patch crossing a weathered asphalt surface,string,https://drivewayzusa.co/images/hero-asphalt-driveway-cost-in-colorado-local-pricing.webp,https://drivewayzusa.co/images/heroes/hero-asphalt-patch-seam-detail.webp,true,/images/pexels-introspectivedsgn-9890648.webp,/images/heroes/hero-asphalt-patch-seam-detail.webp,
2026-07-29T22:55:47.858856,asphalt-driveway-cost-in-delaware-local-pricing,guides/asphalt-driveway-cost-in-delaware-local-pricing/index.html,swapped,0,/images/pexels-introspectivedsgn-9890648.webp,/images/heroes/hero-new-asphalt-crisp-lawn-edge.webp,Asphalt Driveway Cost in Delaware: Local Pricing — Drivewayz USA,New asphalt strip with a crisp edge along a mowed lawn,string,https://drivewayzusa.co/images/hero-asphalt-driveway-cost-in-delaware-local-pricing.webp,https://drivewayzusa.co/images/heroes/hero-new-asphalt-crisp-lawn-edge.webp,true,/images/pexels-introspectivedsgn-9890648.webp,/images/heroes/hero-new-asphalt-crisp-lawn-edge.webp,
2026-07-29T22:55:47.859068,asphalt-driveway-cost-in-florida-local-pricing,guides/asphalt-driveway-cost-in-florida-local-pricing/index.html,swapped,0,/images/pexels-introspectivedsgn-9890648.webp,/images/heroes/hero-oil-spotted-faded-asphalt.webp,Asphalt Driveway Cost in Florida: Local Pricing — Drivewayz USA,Faded asphalt surface marked with dark oil spots under bright sun,string,https://drivewayzusa.co/images/hero-asphalt-driveway-cost-in-florida-local-pricing.webp,https://drivewayzusa.co/images/heroes/hero-oil-spotted-faded-asphalt.webp,true,/images/pexels-introspectivedsgn-9890648.webp,/images/heroes/hero-oil-spotted-faded-asphalt.webp,
2026-07-29T22:55:47.859390,asphalt-driveway-cost-in-georgia-local-pricing,guides/asphalt-driveway-cost-in-georgia-local-pricing/index.html,swapped,0,/images/pexels-introspectivedsgn-9890648.webp,/images/heroes/hero-asphalt-meets-gravel-shoulder.webp,Asphalt Driveway Cost in Georgia: Local Pricing — Drivewayz USA,New asphalt lane meeting a loose gravel shoulder under gray skies,string,https://drivewayzusa.co/images/hero-asphalt-driveway-cost-in-georgia-local-pricing.webp,https://drivewayzusa.co/images/heroes/hero-asphalt-meets-gravel-shoulder.webp,true,/images/pexels-introspectivedsgn-9890648.webp,/images/heroes/hero-asphalt-meets-gravel-shoulder.webp,
2026-07-29T22:55:47.859657,asphalt-driveway-cost-in-idaho-local-pricing,guides/asphalt-driveway-cost-in-idaho-local-pricing/index.html,swapped,0,/images/pexels-introspectivedsgn-9890648.webp,/images/heroes/hero-tack-coat-milled-joint.webp,Asphalt Driveway Cost in Idaho: Local Pricing — Drivewayz USA,Glossy black tack coat sprayed along a milled asphalt joint,string,https://drivewayzusa.co/images/hero-asphalt-driveway-cost-in-idaho-local-pricing.webp,https://drivewayzusa.co/images/heroes/hero-tack-coat-milled-joint.webp,true,/images/pexels-introspectivedsgn-9890648.webp,/images/heroes/hero-tack-coat-milled-joint.webp,
2026-07-29T22:55:47.860066,asphalt-driveway-cost-in-illinois-local-pricing,guides/asphalt-driveway-cost-in-illinois-local-pricing/index.html,swapped,0,/images/pexels-introspectivedsgn-9890648.webp,/images/heroes/hero-wet-sealed-asphalt-reflections.webp,Asphalt Driveway Cost in Illinois: Local Pricing — Drivewayz USA,Wet sealed asphalt drive reflecting pale sky after a rain shower,string,https://drivewayzusa.co/images/hero-asphalt-driveway-cost-in-illinois-local-pricing.webp,https://drivewayzusa.co/images/heroes/hero-wet-sealed-asphalt-reflections.webp,true,/images/pexels-introspectivedsgn-9890648.webp,/images/heroes/hero-wet-sealed-asphalt-reflections.webp,
2026-07-29T22:55:47.860390,asphalt-driveway-cost-in-indiana-local-pricing,guides/asphalt-driveway-cost-in-indiana-local-pricing/index.html,swapped,0,/images/pexels-introspectivedsgn-9890648.webp,/images/heroes/hero-hairline-cracks-gray-asphalt.webp,Asphalt Driveway Cost in Indiana: Local Pricing — Drivewayz USA,Fine hairline cracks threading through a gray weathered asphalt surface,string,https://drivewayzusa.co/images/hero-asphalt-driveway-cost-in-indiana-local-pricing.webp,https://drivewayzusa.co/images/heroes/hero-hairline-cracks-gray-asphalt.webp,true,/images/pexels-introspectivedsgn-9890648.webp,/images/heroes/hero-hairline-cracks-gray-asphalt.webp,
2026-07-29T22:55:47.860639,asphalt-driveway-cost-in-iowa-local-pricing,guides/asphalt-driveway-cost-in-iowa-local-pricing/index.html,swapped,0,/images/pexels-introspectivedsgn-9890648.webp,/images/heroes/hero-weathered-asphalt-field-lane.webp,Asphalt Driveway Cost in Iowa: Local Pricing — Drivewayz USA,Weathered asphalt lane running past open fields at golden hour,string,https://drivewayzusa.co/images/hero-asphalt-driveway-cost-in-iowa-local-pricing.webp,https://drivewayzusa.co/images/heroes/hero-weathered-asphalt-field-lane.webp,true,/images/pexels-introspectivedsgn-9890648.webp,/images/heroes/hero-weathered-asphalt-field-lane.webp,
2026-07-29T22:55:47.860864,asphalt-driveway-cost-in-kansas-local-pricing,guides/asphalt-driveway-cost-in-kansas-local-pricing/index.html,swapped,0,/images/pexels-introspectivedsgn-9890648.webp,/images/heroes/hero-roller-marks-fresh-asphalt.webp,Asphalt Driveway Cost in Kansas: Local Pricing — Drivewayz USA,Fresh asphalt mat showing roller passes under bright midday sun,string,https://drivewayzusa.co/images/hero-asphalt-driveway-cost-in-kansas-local-pricing.webp,https://drivewayzusa.co/images/heroes/hero-roller-marks-fresh-asphalt.webp,true,/images/pexels-introspectivedsgn-9890648.webp,/images/heroes/hero-roller-marks-fresh-asphalt.webp,
2026-07-29T22:55:47.861123,asphalt-driveway-cost-in-kentucky-local-pricing,guides/asphalt-driveway-cost-in-kentucky-local-pricing/index.html,swapped,0,/images/pexels-introspectivedsgn-9890648.webp,/images/heroes/hero-patched-tire-paths-asphalt.webp,Asphalt Driveway Cost in Kentucky: Local Pricing — Drivewayz USA,Weathered asphalt drive with darker patches along both tire paths,string,https://drivewayzusa.co/images/hero-asphalt-driveway-cost-in-kentucky-local-pricing.webp,https://drivewayzusa.co/images/heroes/hero-patched-tire-paths-asphalt.webp,true,/images/pexels-introspectivedsgn-9890648.webp,/images/heroes/hero-patched-tire-paths-asphalt.webp,
2026-07-29T22:55:47.861354,asphalt-driveway-cost-in-maine-local-pricing,guides/asphalt-driveway-cost-in-maine-local-pricing/index.html,swapped,0,/images/pexels-introspectivedsgn-9890648.webp,/images/heroes/hero-fresh-asphalt-rain-sheen.webp,Asphalt Driveway Cost in Maine: Local Pricing — Drivewayz USA,Fresh black asphalt glistening with a light sheen after rainfall,string,https://drivewayzusa.co/images/hero-asphalt-driveway-cost-in-maine-local-pricing.webp,https://drivewayzusa.co/images/heroes/hero-fresh-asphalt-rain-sheen.webp,true,/images/pexels-introspectivedsgn-9890648.webp,/images/heroes/hero-fresh-asphalt-rain-sheen.webp,
2026-07-29T22:55:47.861568,asphalt-driveway-cost-in-maryland-local-pricing,guides/asphalt-driveway-cost-in-maryland-local-pricing/index.html,swapped,0,/images/pexels-introspectivedsgn-9890648.webp,/images/heroes/hero-new-asphalt-curb-apron.webp,Asphalt Driveway Cost in Maryland: Local Pricing — Drivewayz USA,New asphalt apron sloping toward a concrete curb in warm light,string,https://drivewayzusa.co/images/hero-asphalt-driveway-cost-in-maryland-local-pricing.webp,https://drivewayzusa.co/images/heroes/hero-new-asphalt-curb-apron.webp,true,/images/pexels-introspectivedsgn-9890648.webp,/images/heroes/hero-new-asphalt-curb-apron.webp,
2026-07-29T22:55:47.861854,asphalt-driveway-cost-in-massachusetts-local-pricing,guides/asphalt-driveway-cost-in-massachusetts-local-pricing/index.html,swapped,0,/images/pexels-introspectivedsgn-9890648.webp,/images/heroes/hero-grass-edged-weathered-asphalt.webp,Asphalt Driveway Cost in Massachusetts: Local Pricing — Drivewayz USA,Weathered asphalt surface bordered by creeping grass along one edge,string,https://drivewayzusa.co/images/hero-asphalt-driveway-cost-in-massachusetts-local-pricing.webp,https://drivewayzusa.co/images/heroes/hero-grass-edged-weathered-asphalt.webp,true,/images/pexels-introspectivedsgn-9890648.webp,/images/heroes/hero-grass-edged-weathered-asphalt.webp,
2026-07-29T22:55:47.862099,asphalt-driveway-cost-in-michigan-local-pricing,guides/asphalt-driveway-cost-in-michigan-local-pricing/index.html,swapped,0,/images/pexels-introspectivedsgn-9890648.webp,/images/heroes/hero-crack-sealant-ribbon-damp.webp,Asphalt Driveway Cost in Michigan: Local Pricing — Drivewayz USA,Glossy crack sealant ribbon crossing a damp asphalt surface after rain,string,https://drivewayzusa.co/images/hero-asphalt-driveway-cost-in-michigan-local-pricing.webp,https://drivewayzusa.co/images/heroes/hero-crack-sealant-ribbon-damp.webp,true,/images/pexels-introspectivedsgn-9890648.webp,/images/heroes/hero-crack-sealant-ribbon-damp.webp,
2026-07-29T22:55:47.862416,asphalt-driveway-cost-in-minnesota-local-pricing,guides/asphalt-driveway-cost-in-minnesota-local-pricing/index.html,swapped,0,/images/pexels-introspectivedsgn-9890648.webp,/images/heroes/hero-cracked-drive-bright-sun.webp,Asphalt Driveway Cost in Minnesota: Local Pricing — Drivewayz USA,Cracked asphalt drive catching hard shadows under bright midday sun,string,https://drivewayzusa.co/images/hero-asphalt-driveway-cost-in-minnesota-local-pricing.webp,https://drivewayzusa.co/images/heroes/hero-cracked-drive-bright-sun.webp,true,/images/pexels-introspectivedsgn-9890648.webp,/images/heroes/hero-cracked-drive-bright-sun.webp,
2026-07-29T22:55:47.862876,asphalt-driveway-cost-in-mississippi-local-pricing,guides/asphalt-driveway-cost-in-mississippi-local-pricing/index.html,swapped,0,/images/pexels-introspectivedsgn-9890648.webp,/images/heroes/hero-fresh-asphalt-sawn-edge.webp,Asphalt Driveway Cost in Mississippi: Local Pricing — Drivewayz USA,Fresh asphalt surface with a clean sawn edge under overcast sky,string,https://drivewayzusa.co/images/hero-asphalt-driveway-cost-in-mississippi-local-pricing.webp,https://drivewayzusa.co/images/heroes/hero-fresh-asphalt-sawn-edge.webp,true,/images/pexels-introspectivedsgn-9890648.webp,/images/heroes/hero-fresh-asphalt-sawn-edge.webp,
2026-07-29T22:55:47.863098,asphalt-driveway-cost-in-missouri-local-pricing,guides/asphalt-driveway-cost-in-missouri-local-pricing/index.html,swapped,0,/images/pexels-introspectivedsgn-9890648.webp,/images/heroes/hero-fresh-asphalt-mat-overcast.webp,Asphalt Driveway Cost in Missouri: Local Pricing — Drivewayz USA,Freshly laid asphalt mat steaming gently under a flat overcast sky,string,https://drivewayzusa.co/images/hero-asphalt-driveway-cost-in-missouri-local-pricing.webp,https://drivewayzusa.co/images/heroes/hero-fresh-asphalt-mat-overcast.webp,true,/images/pexels-introspectivedsgn-9890648.webp,/images/heroes/hero-fresh-asphalt-mat-overcast.webp,
2026-07-29T22:55:47.863431,asphalt-driveway-cost-in-montana-local-pricing,guides/asphalt-driveway-cost-in-montana-local-pricing/index.html,swapped,0,/images/pexels-introspectivedsgn-9890648.webp,/images/heroes/hero-asphalt-drive-open-fields.webp,Asphalt Driveway Cost in Montana: Local Pricing — Drivewayz USA,Smooth asphalt drive stretching toward open fields at golden hour,string,https://drivewayzusa.co/images/hero-asphalt-driveway-cost-in-montana-local-pricing.webp,https://drivewayzusa.co/images/heroes/hero-asphalt-drive-open-fields.webp,true,/images/pexels-introspectivedsgn-9890648.webp,/images/heroes/hero-asphalt-drive-open-fields.webp,
2026-07-29T22:55:47.863830,asphalt-driveway-cost-in-nebraska-local-pricing,guides/asphalt-driveway-cost-in-nebraska-local-pricing/index.html,swapped,0,/images/pexels-introspectivedsgn-9890648.webp,/images/heroes/hero-faded-asphalt-exposed-stones.webp,Asphalt Driveway Cost in Nebraska: Local Pricing — Drivewayz USA,Weathered asphalt pavement with exposed stones under gray skies,string,https://drivewayzusa.co/images/hero-asphalt-driveway-cost-in-nebraska-local-pricing.webp,https://drivewayzusa.co/images/heroes/hero-faded-asphalt-exposed-stones.webp,true,/images/pexels-introspectivedsgn-9890648.webp,/images/heroes/hero-faded-asphalt-exposed-stones.webp,
2026-07-29T22:55:47.864204,asphalt-driveway-cost-in-nevada-local-pricing,guides/asphalt-driveway-cost-in-nevada-local-pricing/index.html,swapped,0,/images/pexels-introspectivedsgn-9890648.webp,/images/heroes/hero-sun-baked-asphalt-frontage.webp,Asphalt Driveway Cost in Nevada: Local Pricing — Drivewayz USA,Sun baked asphalt drive leading to a suburban garage at midday,string,https://drivewayzusa.co/images/hero-asphalt-driveway-cost-in-nevada-local-pricing.webp,https://drivewayzusa.co/images/heroes/hero-sun-baked-asphalt-frontage.webp,true,/images/pexels-introspectivedsgn-9890648.webp,/images/heroes/hero-sun-baked-asphalt-frontage.webp,
2026-07-29T22:55:47.864438,asphalt-driveway-cost-in-new-hampshire-local-pricing,guides/asphalt-driveway-cost-in-new-hampshire-local-pricing/index.html,swapped,0,/images/pexels-introspectivedsgn-9890648.webp,/images/heroes/hero-asphalt-edge-form-boards.webp,Asphalt Driveway Cost in New Hampshire: Local Pricing — Drivewayz USA,Fresh asphalt edge tucked against wooden form boards at dusk,string,https://drivewayzusa.co/images/hero-asphalt-driveway-cost-in-new-hampshire-local-pricing.webp,https://drivewayzusa.co/images/heroes/hero-asphalt-edge-form-boards.webp,true,/images/pexels-introspectivedsgn-9890648.webp,/images/heroes/hero-asphalt-edge-form-boards.webp,
2026-07-29T22:55:47.864893,asphalt-driveway-cost-in-new-jersey-local-pricing,guides/asphalt-driveway-cost-in-new-jersey-local-pricing/index.html,swapped,0,/images/pexels-introspectivedsgn-9890648.webp,/images/heroes/hero-sealed-asphalt-wet-sheen.webp,Asphalt Driveway Cost in New Jersey: Local Pricing — Drivewayz USA,Sealed asphalt pavement glistening with rain water in soft light,string,https://drivewayzusa.co/images/hero-asphalt-driveway-cost-in-new-jersey-local-pricing.webp,https://drivewayzusa.co/images/heroes/hero-sealed-asphalt-wet-sheen.webp,true,/images/pexels-introspectivedsgn-9890648.webp,/images/heroes/hero-sealed-asphalt-wet-sheen.webp,
2026-07-29T22:55:47.865108,asphalt-driveway-cost-in-new-mexico-local-pricing,guides/asphalt-driveway-cost-in-new-mexico-local-pricing/index.html,swapped,0,/images/pexels-introspectivedsgn-9890648.webp,/images/heroes/hero-cracked-asphalt-dry-grass.webp,Asphalt Driveway Cost in New Mexico: Local Pricing — Drivewayz USA,Cracked asphalt lane bordered by dry grass in warm evening light,string,https://drivewayzusa.co/images/hero-asphalt-driveway-cost-in-new-mexico-local-pricing.webp,https://drivewayzusa.co/images/heroes/hero-cracked-asphalt-dry-grass.webp,true,/images/pexels-introspectivedsgn-9890648.webp,/images/heroes/hero-cracked-asphalt-dry-grass.webp,
2026-07-29T22:55:47.865417,asphalt-driveway-cost-in-new-york-local-pricing,guides/asphalt-driveway-cost-in-new-york-local-pricing/index.html,swapped,0,/images/pexels-introspectivedsgn-9890648.webp,/images/heroes/hero-asphalt-patch-repair-closeup.webp,Asphalt Driveway Cost in New York: Local Pricing — Drivewayz USA,Fresh patch repair standing out on older asphalt pavement,string,https://drivewayzusa.co/images/hero-asphalt-driveway-cost-in-new-york-local-pricing.webp,https://drivewayzusa.co/images/heroes/hero-asphalt-patch-repair-closeup.webp,true,/images/pexels-introspectivedsgn-9890648.webp,/images/heroes/hero-asphalt-patch-repair-closeup.webp,
2026-07-29T22:55:47.865975,asphalt-driveway-cost-in-north-carolina-local-pricing,guides/asphalt-driveway-cost-in-north-carolina-local-pricing/index.html,swapped,0,/images/pexels-introspectivedsgn-9890648.webp,/images/heroes/hero-curved-asphalt-drive-midday.webp,Asphalt Driveway Cost in North Carolina: Local Pricing — Drivewayz USA,New asphalt drive curving toward a brick home under midday sun,string,https://drivewayzusa.co/images/hero-asphalt-driveway-cost-in-north-carolina-local-pricing.webp,https://drivewayzusa.co/images/heroes/hero-curved-asphalt-drive-midday.webp,true,/images/pexels-introspectivedsgn-9890648.webp,/images/heroes/hero-curved-asphalt-drive-midday.webp,
2026-07-29T22:55:47.866221,asphalt-driveway-cost-in-north-dakota-local-pricing,guides/asphalt-driveway-cost-in-north-dakota-local-pricing/index.html,swapped,0,/images/pexels-introspectivedsgn-9890648.webp,/images/heroes/hero-straight-asphalt-rural-lane.webp,Asphalt Driveway Cost in North Dakota: Local Pricing — Drivewayz USA,Straight asphalt lane crossing flat open land under gray skies,string,https://drivewayzusa.co/images/hero-asphalt-driveway-cost-in-north-dakota-local-pricing.webp,https://drivewayzusa.co/images/heroes/hero-straight-asphalt-rural-lane.webp,true,/images/pexels-introspectivedsgn-9890648.webp,/images/heroes/hero-straight-asphalt-rural-lane.webp,
2026-07-29T22:55:47.866448,asphalt-driveway-cost-in-oklahoma-local-pricing,guides/asphalt-driveway-cost-in-oklahoma-local-pricing/index.html,swapped,0,/images/pexels-introspectivedsgn-9890648.webp,/images/heroes/hero-asphalt-crack-filler-line.webp,Asphalt Driveway Cost in Oklahoma: Local Pricing — Drivewayz USA,Dark crack filler tracing a repaired line across asphalt pavement,string,https://drivewayzusa.co/images/hero-asphalt-driveway-cost-in-oklahoma-local-pricing.webp,https://drivewayzusa.co/images/heroes/hero-asphalt-crack-filler-line.webp,true,/images/pexels-introspectivedsgn-9890648.webp,/images/heroes/hero-asphalt-crack-filler-line.webp,
