source_page,target_page,anchor_text,surrounding_sentence
/guides/5-signs-your-driveway-needs-replacement/,/guides/concrete-vs-asphalt-driveway-the-ultimate-2026-comparison/,Concrete vs Asphalt,"akdown: Labor, Materials, and Equipment Concrete vs Asphalt vs Gravel: Complete Comparison How to Fix"
/guides/accessible-driveway-design-ada-considerations/,/guides/concrete-vs-asphalt-driveway-the-ultimate-2026-comparison/,Concrete vs Asphalt,p; Lifespan 20 min read &#9878;&#65039; Concrete vs Asphalt vs Gravel 18 min read View
/guides/acid-staining-a-concrete-driveway-unique-effects/,/guides/concrete-vs-asphalt-driveway-the-ultimate-2026-comparison/,Concrete vs Asphalt,p; Lifespan 20 min read &#9878;&#65039; Concrete vs Asphalt vs Gravel 18 min read View
/guides/airbnb-driveway-requirements-parking-for-short-term-rentals/,/guides/concrete-vs-asphalt-driveway-the-ultimate-2026-comparison/,Concrete vs Asphalt,"akdown: Labor, Materials, and Equipment Concrete vs Asphalt vs Gravel: Complete Comparison How to Fix"
/guides/annual-driveway-maintenance-costs-by-material-type/,/guides/concrete-vs-asphalt-driveway-the-ultimate-2026-comparison/,Concrete vs Asphalt,p; Lifespan 20 min read &#9878;&#65039; Concrete vs Asphalt vs Gravel 18 min read View
/guides/ant-hill-prevention-in-paver-driveways/,/guides/concrete-vs-asphalt-driveway-the-ultimate-2026-comparison/,Concrete vs Asphalt,p; Lifespan 20 min read &#9878;&#65039; Concrete vs Asphalt vs Gravel 18 min read View
/guides/anti-ice-coatings-for-driveways/,/guides/concrete-vs-asphalt-driveway-the-ultimate-2026-comparison/,Concrete vs Asphalt,"akdown: Labor, Materials, and Equipment Concrete vs Asphalt vs Gravel: Complete Comparison How to Fix"
/guides/apartment-complex-driveway-design/,/guides/concrete-vs-asphalt-driveway-the-ultimate-2026-comparison/,Concrete vs Asphalt,p; Lifespan 20 min read &#9878;&#65039; Concrete vs Asphalt vs Gravel 18 min read View
/guides/asphalt-compaction-tools-and-techniques/,/guides/concrete-vs-asphalt-driveway-the-ultimate-2026-comparison/,Concrete vs Asphalt,p; Lifespan 20 min read &#9878;&#65039; Concrete vs Asphalt vs Gravel 18 min read View
/guides/asphalt-driveway-alligator-cracking-what-it-means-and-how-to-fix-it/,/guides/concrete-vs-asphalt-driveway-the-ultimate-2026-comparison/,Concrete vs Asphalt,p; Lifespan 20 min read &#9878;&#65039; Concrete vs Asphalt vs Gravel 18 min read View
/guides/asphalt-driveway-cost-in-alabama-local-pricing/,/guides/concrete-vs-asphalt-driveway-the-ultimate-2026-comparison/,Concrete vs Asphalt,p; Lifespan 20 min read &#9878;&#65039; Concrete vs Asphalt vs Gravel 18 min read Back
/guides/asphalt-driveway-cost-in-alaska-local-pricing/,/guides/concrete-vs-asphalt-driveway-the-ultimate-2026-comparison/,Concrete vs Asphalt,p; Lifespan 20 min read &#9878;&#65039; Concrete vs Asphalt vs Gravel 18 min read Back
/guides/asphalt-driveway-cost-in-arizona-local-pricing/,/guides/concrete-vs-asphalt-driveway-the-ultimate-2026-comparison/,Concrete vs Asphalt,p; Lifespan 20 min read &#9878;&#65039; Concrete vs Asphalt vs Gravel 18 min read Back
/guides/asphalt-driveway-cost-in-arkansas-local-pricing/,/guides/concrete-vs-asphalt-driveway-the-ultimate-2026-comparison/,concrete vs asphalt,"oncrete does. If you're still torn, our concrete vs asphalt vs gravel comparison digs into"
/guides/asphalt-driveway-cost-in-california-local-pricing/,/guides/concrete-vs-asphalt-driveway-the-ultimate-2026-comparison/,Concrete vs Asphalt,p; Lifespan 20 min read &#9878;&#65039; Concrete vs Asphalt vs Gravel 18 min read Back
/guides/asphalt-driveway-cost-in-colorado-local-pricing/,/guides/concrete-vs-asphalt-driveway-the-ultimate-2026-comparison/,Concrete vs Asphalt,p; Lifespan 20 min read &#9878;&#65039; Concrete vs Asphalt vs Gravel 18 min read Back
/guides/asphalt-driveway-cost-in-connecticut-local-pricing/,/guides/concrete-vs-asphalt-driveway-the-ultimate-2026-comparison/,Concrete vs Asphalt,p; Lifespan 20 min read &#9878;&#65039; Concrete vs Asphalt vs Gravel 18 min read Back
/guides/asphalt-driveway-cost-in-delaware-local-pricing/,/guides/concrete-vs-asphalt-driveway-the-ultimate-2026-comparison/,Concrete vs Asphalt,p; Lifespan 20 min read &#9878;&#65039; Concrete vs Asphalt vs Gravel 18 min read Back
/guides/asphalt-driveway-cost-in-florida-local-pricing/,/guides/concrete-vs-asphalt-driveway-the-ultimate-2026-comparison/,Concrete vs Asphalt,p; Lifespan 20 min read &#9878;&#65039; Concrete vs Asphalt vs Gravel 18 min read Back
/guides/asphalt-driveway-cost-in-georgia-local-pricing/,/guides/concrete-vs-asphalt-driveway-the-ultimate-2026-comparison/,Concrete vs Asphalt,p; Lifespan 20 min read &#9878;&#65039; Concrete vs Asphalt vs Gravel 18 min read Back
/guides/asphalt-driveway-cost-in-idaho-local-pricing/,/guides/concrete-vs-asphalt-driveway-the-ultimate-2026-comparison/,Concrete vs Asphalt,p; Lifespan 20 min read &#9878;&#65039; Concrete vs Asphalt vs Gravel 18 min read Back
/guides/asphalt-driveway-cost-in-illinois-local-pricing/,/guides/concrete-vs-asphalt-driveway-the-ultimate-2026-comparison/,Concrete vs Asphalt,p; Lifespan 20 min read &#9878;&#65039; Concrete vs Asphalt vs Gravel 18 min read Back
/guides/asphalt-driveway-cost-in-indiana-local-pricing/,/guides/concrete-vs-asphalt-driveway-the-ultimate-2026-comparison/,Concrete vs Asphalt,p; Lifespan 20 min read &#9878;&#65039; Concrete vs Asphalt vs Gravel 18 min read Back
/guides/asphalt-driveway-cost-in-iowa-local-pricing/,/guides/concrete-vs-asphalt-driveway-the-ultimate-2026-comparison/,Concrete vs Asphalt,p; Lifespan 20 min read &#9878;&#65039; Concrete vs Asphalt vs Gravel 18 min read Back
/guides/asphalt-driveway-cost-in-kansas-local-pricing/,/guides/concrete-vs-asphalt-driveway-the-ultimate-2026-comparison/,Concrete vs Asphalt,p; Lifespan 20 min read &#9878;&#65039; Concrete vs Asphalt vs Gravel 18 min read Back
/guides/asphalt-driveway-cost-in-kentucky-local-pricing/,/guides/concrete-vs-asphalt-driveway-the-ultimate-2026-comparison/,Concrete vs Asphalt,p; Lifespan 20 min read &#9878;&#65039; Concrete vs Asphalt vs Gravel 18 min read Back
/guides/asphalt-driveway-cost-in-louisiana-local-pricing/,/guides/concrete-vs-asphalt-driveway-the-ultimate-2026-comparison/,Concrete vs Asphalt,p; Lifespan 20 min read &#9878;&#65039; Concrete vs Asphalt vs Gravel 18 min read Back
/guides/asphalt-driveway-cost-in-maine-local-pricing/,/guides/concrete-vs-asphalt-driveway-the-ultimate-2026-comparison/,Concrete vs Asphalt,p; Lifespan 20 min read &#9878;&#65039; Concrete vs Asphalt vs Gravel 18 min read Back
/guides/asphalt-driveway-cost-in-maryland-local-pricing/,/guides/concrete-vs-asphalt-driveway-the-ultimate-2026-comparison/,Concrete vs Asphalt,p; Lifespan 20 min read &#9878;&#65039; Concrete vs Asphalt vs Gravel 18 min read Back
/guides/asphalt-driveway-cost-in-massachusetts-local-pricing/,/guides/concrete-vs-asphalt-driveway-the-ultimate-2026-comparison/,Concrete vs Asphalt,p; Lifespan 20 min read &#9878;&#65039; Concrete vs Asphalt vs Gravel 18 min read Back
/guides/asphalt-driveway-cost-in-michigan-local-pricing/,/guides/concrete-vs-asphalt-driveway-the-ultimate-2026-comparison/,Concrete vs Asphalt,p; Lifespan 20 min read &#9878;&#65039; Concrete vs Asphalt vs Gravel 18 min read Back
/guides/asphalt-driveway-cost-in-minnesota-local-pricing/,/guides/concrete-vs-asphalt-driveway-the-ultimate-2026-comparison/,Concrete vs Asphalt,p; Lifespan 20 min read &#9878;&#65039; Concrete vs Asphalt vs Gravel 18 min read Back
/guides/asphalt-driveway-cost-in-mississippi-local-pricing/,/guides/concrete-vs-asphalt-driveway-the-ultimate-2026-comparison/,Concrete vs Asphalt,p; Lifespan 20 min read &#9878;&#65039; Concrete vs Asphalt vs Gravel 18 min read Back
/guides/asphalt-driveway-cost-in-missouri-local-pricing/,/guides/concrete-vs-asphalt-driveway-the-ultimate-2026-comparison/,Concrete vs Asphalt,p; Lifespan 20 min read &#9878;&#65039; Concrete vs Asphalt vs Gravel 18 min read Back
/guides/asphalt-driveway-cost-in-montana-local-pricing/,/guides/concrete-vs-asphalt-driveway-the-ultimate-2026-comparison/,Concrete vs Asphalt,p; Lifespan 20 min read &#9878;&#65039; Concrete vs Asphalt vs Gravel 18 min read Back
/guides/asphalt-driveway-cost-in-nebraska-local-pricing/,/guides/concrete-vs-asphalt-driveway-the-ultimate-2026-comparison/,Concrete vs Asphalt,p; Lifespan 20 min read &#9878;&#65039; Concrete vs Asphalt vs Gravel 18 min read Back
/guides/asphalt-driveway-cost-in-nevada-local-pricing/,/guides/concrete-vs-asphalt-driveway-the-ultimate-2026-comparison/,Concrete vs Asphalt,p; Lifespan 20 min read &#9878;&#65039; Concrete vs Asphalt vs Gravel 18 min read Back
/guides/asphalt-driveway-cost-in-new-hampshire-local-pricing/,/guides/concrete-vs-asphalt-driveway-the-ultimate-2026-comparison/,Concrete vs Asphalt,p; Lifespan 20 min read &#9878;&#65039; Concrete vs Asphalt vs Gravel 18 min read Back
/guides/asphalt-driveway-cost-in-new-jersey-local-pricing/,/guides/concrete-vs-asphalt-driveway-the-ultimate-2026-comparison/,Concrete vs Asphalt,p; Lifespan 20 min read &#9878;&#65039; Concrete vs Asphalt vs Gravel 18 min read Back
/guides/asphalt-driveway-cost-in-new-mexico-local-pricing/,/guides/concrete-vs-asphalt-driveway-the-ultimate-2026-comparison/,Concrete vs Asphalt,p; Lifespan 20 min read &#9878;&#65039; Concrete vs Asphalt vs Gravel 18 min read Back
/guides/asphalt-driveway-cost-in-new-york-local-pricing/,/guides/concrete-vs-asphalt-driveway-the-ultimate-2026-comparison/,Concrete vs Asphalt,p; Lifespan 20 min read &#9878;&#65039; Concrete vs Asphalt vs Gravel 18 min read Back
/guides/asphalt-driveway-cost-in-north-carolina-local-pricing/,/guides/concrete-vs-asphalt-driveway-the-ultimate-2026-comparison/,concrete vs asphalt,is usually the more sensible call. Our concrete vs asphalt vs gravel guide breaks down
/guides/asphalt-driveway-cost-in-north-dakota-local-pricing/,/guides/concrete-vs-asphalt-driveway-the-ultimate-2026-comparison/,Concrete vs Asphalt,p; Lifespan 20 min read &#9878;&#65039; Concrete vs Asphalt vs Gravel 18 min read Back
/guides/asphalt-driveway-cost-in-oklahoma-local-pricing/,/guides/concrete-vs-asphalt-driveway-the-ultimate-2026-comparison/,Concrete vs Asphalt,p; Lifespan 20 min read &#9878;&#65039; Concrete vs Asphalt vs Gravel 18 min read Back
/guides/asphalt-driveway-cost-in-oregon-local-pricing/,/guides/concrete-vs-asphalt-driveway-the-ultimate-2026-comparison/,Concrete vs Asphalt,p; Lifespan 20 min read &#9878;&#65039; Concrete vs Asphalt vs Gravel 18 min read Back
/guides/asphalt-driveway-cost-in-pennsylvania-local-pricing/,/guides/concrete-vs-asphalt-driveway-the-ultimate-2026-comparison/,Concrete vs Asphalt,p; Lifespan 20 min read &#9878;&#65039; Concrete vs Asphalt vs Gravel 18 min read Back
/guides/asphalt-driveway-cost-in-rhode-island-local-pricing/,/guides/concrete-vs-asphalt-driveway-the-ultimate-2026-comparison/,Concrete vs Asphalt,p; Lifespan 20 min read &#9878;&#65039; Concrete vs Asphalt vs Gravel 18 min read Back
/guides/asphalt-driveway-cost-in-south-carolina-local-pricing/,/guides/concrete-vs-asphalt-driveway-the-ultimate-2026-comparison/,Concrete vs Asphalt,p; Lifespan 20 min read &#9878;&#65039; Concrete vs Asphalt vs Gravel 18 min read Back
/guides/asphalt-driveway-cost-in-south-dakota-local-pricing/,/guides/concrete-vs-asphalt-driveway-the-ultimate-2026-comparison/,Concrete vs Asphalt,p; Lifespan 20 min read &#9878;&#65039; Concrete vs Asphalt vs Gravel 18 min read Back
/guides/asphalt-driveway-cost-in-tennessee-local-pricing/,/guides/concrete-vs-asphalt-driveway-the-ultimate-2026-comparison/,Concrete vs Asphalt,p; Lifespan 20 min read &#9878;&#65039; Concrete vs Asphalt vs Gravel 18 min read Back
/guides/asphalt-driveway-cost-in-texas-local-pricing/,/guides/concrete-vs-asphalt-driveway-the-ultimate-2026-comparison/,Concrete vs Asphalt,p; Lifespan 20 min read &#9878;&#65039; Concrete vs Asphalt vs Gravel 18 min read Back
/guides/asphalt-driveway-cost-in-utah-local-pricing/,/guides/concrete-vs-asphalt-driveway-the-ultimate-2026-comparison/,Concrete vs Asphalt,p; Lifespan 20 min read &#9878;&#65039; Concrete vs Asphalt vs Gravel 18 min read Back
/guides/asphalt-driveway-cost-in-vermont-local-pricing/,/guides/concrete-vs-asphalt-driveway-the-ultimate-2026-comparison/,Concrete vs Asphalt,p; Lifespan 20 min read &#9878;&#65039; Concrete vs Asphalt vs Gravel 18 min read Back
/guides/asphalt-driveway-cost-in-virginia-local-pricing/,/guides/concrete-vs-asphalt-driveway-the-ultimate-2026-comparison/,Concrete vs Asphalt,p; Lifespan 20 min read &#9878;&#65039; Concrete vs Asphalt vs Gravel 18 min read Back
/guides/asphalt-driveway-cost-in-washington-local-pricing/,/guides/concrete-vs-asphalt-driveway-the-ultimate-2026-comparison/,Concrete vs Asphalt,p; Lifespan 20 min read &#9878;&#65039; Concrete vs Asphalt vs Gravel 18 min read Back
/guides/asphalt-driveway-cost-in-west-virginia-local-pricing/,/guides/concrete-vs-asphalt-driveway-the-ultimate-2026-comparison/,Concrete vs Asphalt,p; Lifespan 20 min read &#9878;&#65039; Concrete vs Asphalt vs Gravel 18 min read Back
/guides/asphalt-driveway-cost-in-wisconsin-local-pricing/,/guides/concrete-vs-asphalt-driveway-the-ultimate-2026-comparison/,Concrete vs Asphalt,p; Lifespan 20 min read &#9878;&#65039; Concrete vs Asphalt vs Gravel 18 min read Back
/guides/asphalt-driveway-cost-in-wyoming-local-pricing/,/guides/concrete-vs-asphalt-driveway-the-ultimate-2026-comparison/,Concrete vs Asphalt,p; Lifespan 20 min read &#9878;&#65039; Concrete vs Asphalt vs Gravel 18 min read Back
/guides/asphalt-driveway-cost-per-square-foot-guide/,/guides/concrete-vs-asphalt-driveway-the-ultimate-2026-comparison/,Concrete vs Asphalt,p; Lifespan 20 min read &#9878;&#65039; Concrete vs Asphalt vs Gravel 18 min read View
/guides/asphalt-driveway-crack-repair-diy-methods-that-work/,/guides/concrete-vs-asphalt-driveway-the-ultimate-2026-comparison/,Concrete vs Asphalt,p; Lifespan 20 min read &#9878;&#65039; Concrete vs Asphalt vs Gravel 18 min read View
/guides/asphalt-driveway-installation-step-by-step-guide/,/guides/concrete-vs-asphalt-driveway-the-ultimate-2026-comparison/,Concrete vs Asphalt,p; Lifespan 20 min read &#9878;&#65039; Concrete vs Asphalt vs Gravel 18 min read View
/guides/asphalt-driveway-lifespan-factors-that-affect-longevity/,/guides/concrete-vs-asphalt-driveway-the-ultimate-2026-comparison/,Concrete vs Asphalt,p; Lifespan 20 min read &#9878;&#65039; Concrete vs Asphalt vs Gravel 18 min read View
/guides/asphalt-driveway-thickness-residential-vs-commercial/,/guides/concrete-vs-asphalt-driveway-the-ultimate-2026-comparison/,Concrete vs Asphalt,p; Lifespan 20 min read &#9878;&#65039; Concrete vs Asphalt vs Gravel 18 min read View
/guides/asphalt-oil-price-impact-on-driveway-costs/,/guides/concrete-vs-asphalt-driveway-the-ultimate-2026-comparison/,Concrete vs Asphalt,p; Lifespan 20 min read &#9878;&#65039; Concrete vs Asphalt vs Gravel 18 min read View
/guides/asphalt-overlay-costs-and-considerations/,/guides/concrete-vs-asphalt-driveway-the-ultimate-2026-comparison/,Concrete vs Asphalt,p; Lifespan 20 min read &#9878;&#65039; Concrete vs Asphalt vs Gravel 18 min read View
/guides/asphalt-overlay-on-concrete-driveway-can-it-be-done/,/guides/concrete-vs-asphalt-driveway-the-ultimate-2026-comparison/,Concrete vs Asphalt,p; Lifespan 20 min read &#9878;&#65039; Concrete vs Asphalt vs Gravel 18 min read View
/guides/asphalt-sealing-best-products-and-application-tips/,/guides/gravel-pothole-repair/,Pothole Repair,inse until water sheets evenly. Crack & Pothole Repair Fill cracks ¼–½ inch wide with
/guides/asphalt-sealing-best-products-and-application-tips/,/guides/concrete-vs-asphalt-driveway-the-ultimate-2026-comparison/,Concrete vs Asphalt,p; Lifespan 20 min read &#9878;&#65039; Concrete vs Asphalt vs Gravel 18 min read View
/guides/asphalt-vs-concrete-in-hot-climates-heat-and-uv-resistance/,/guides/concrete-vs-asphalt-driveway-the-ultimate-2026-comparison/,Concrete vs Asphalt,p; Lifespan 20 min read &#9878;&#65039; Concrete vs Asphalt vs Gravel 18 min read View
/guides/asphalt-vs-gravel-driveway-long-term-cost-analysis/,/guides/concrete-vs-asphalt-driveway-the-ultimate-2026-comparison/,Concrete vs Asphalt,p; Lifespan 20 min read &#9878;&#65039; Concrete vs Asphalt vs Gravel 18 min read View
/guides/average-driveway-replacement-cost-by-material/,/guides/concrete-vs-asphalt-driveway-the-ultimate-2026-comparison/,Concrete vs Asphalt,p; Lifespan 20 min read &#9878;&#65039; Concrete vs Asphalt vs Gravel 18 min read View
/guides/basalt-driveway/,/guides/concrete-vs-asphalt-driveway-the-ultimate-2026-comparison/,concrete vs asphalt,alt compares to the usual suspects. Our concrete vs asphalt vs gravel guide covers those
/guides/before-and-after-driveway-renovation-photo-gallery-ideas/,/guides/concrete-vs-asphalt-driveway-the-ultimate-2026-comparison/,Concrete vs Asphalt,p; Lifespan 20 min read &#9878;&#65039; Concrete vs Asphalt vs Gravel 18 min read View
/guides/best-asphalt-driveway-sealer-top-products-for-2026/,/guides/concrete-vs-asphalt-driveway-the-ultimate-2026-comparison/,Concrete vs Asphalt,p; Lifespan 20 min read &#9878;&#65039; Concrete vs Asphalt vs Gravel 18 min read View
/guides/best-budget-driveway-for-clay-soil/,/guides/tar-and-chip-driveway-vs-asphalt-comparison/,Chip Seal,s 30 minutes. 2. Stabilized Gravel with Chip Seal Surface—Easiest DIY Cost: $0.90–$1.20 per sq
/guides/best-budget-driveway-for-clay-soil/,/guides/concrete-vs-asphalt-driveway-the-ultimate-2026-comparison/,Concrete vs Asphalt,p; Lifespan 20 min read &#9878;&#65039; Concrete vs Asphalt vs Gravel 18 min read View
/guides/best-budget-driveway-for-coastal-homes/,/guides/concrete-vs-asphalt-driveway-the-ultimate-2026-comparison/,Concrete vs Asphalt,p; Lifespan 20 min read &#9878;&#65039; Concrete vs Asphalt vs Gravel 18 min read View
/guides/best-budget-driveway-for-sandy-soil/,/guides/concrete-vs-asphalt-driveway-the-ultimate-2026-comparison/,Concrete vs Asphalt,p; Lifespan 20 min read &#9878;&#65039; Concrete vs Asphalt vs Gravel 18 min read View
/guides/best-budget-driveway-for-steep-driveways/,/guides/tar-and-chip-driveway-vs-asphalt-comparison/,chip seal,"and lay 2\"" of asphalt or 1 \u00bd\"" of chip seal. You save $1\u2013$2 per"
/guides/best-budget-driveway-for-steep-driveways/,/guides/concrete-vs-asphalt-driveway-the-ultimate-2026-comparison/,Concrete vs Asphalt,p; Lifespan 20 min read &#9878;&#65039; Concrete vs Asphalt vs Gravel 18 min read View
/guides/best-budget-driveway-material-for-heavy-snow-regions/,/guides/concrete-vs-asphalt-driveway-the-ultimate-2026-comparison/,Concrete vs Asphalt,p; Lifespan 20 min read &#9878;&#65039; Concrete vs Asphalt vs Gravel 18 min read View
/guides/best-budget-driveway-material-for-hot-climates/,/guides/tar-and-chip-driveway-vs-asphalt-comparison/,Tar & Chip,ft and doubles lifespan. 3. Chip Seal (Tar & Chip) Price: $2–$3 per sq ft
/guides/best-budget-driveway-material-for-hot-climates/,/guides/concrete-vs-asphalt-driveway-the-ultimate-2026-comparison/,Concrete vs Asphalt,p; Lifespan 20 min read &#9878;&#65039; Concrete vs Asphalt vs Gravel 18 min read View
/guides/best-concrete-driveway-sealer-penetrating-vs-film-forming/,/guides/concrete-vs-asphalt-driveway-the-ultimate-2026-comparison/,Concrete vs Asphalt,p; Lifespan 20 min read &#9878;&#65039; Concrete vs Asphalt vs Gravel 18 min read View
/guides/best-de-icing-products-for-driveways-salt-vs-chemical-vs-natural/,/guides/concrete-vs-asphalt-driveway-the-ultimate-2026-comparison/,Concrete vs Asphalt,"akdown: Labor, Materials, and Equipment Concrete vs Asphalt vs Gravel: Complete Comparison How to Fix"
/guides/best-driveway-designs-on-pinterest-inspiration-board/,/guides/concrete-vs-asphalt-driveway-the-ultimate-2026-comparison/,Concrete vs Asphalt,p; Lifespan 20 min read &#9878;&#65039; Concrete vs Asphalt vs Gravel 18 min read View
/guides/best-driveway-for-desert-heat-and-sun-exposure/,/guides/concrete-vs-asphalt-driveway-the-ultimate-2026-comparison/,Concrete vs Asphalt,"akdown: Labor, Materials, and Equipment Concrete vs Asphalt vs Gravel: Complete Comparison How to Fix"
/guides/best-driveway-for-florida-heat-and-humidity/,/guides/tar-and-chip-driveway-vs-asphalt-comparison/,Chip Seal,ates under heavy braking. Tar-and-Chip (Chip Seal) Think of it as asphalt’s rustic cousin: hot
/guides/best-driveway-for-florida-heat-and-humidity/,/guides/concrete-vs-asphalt-driveway-the-ultimate-2026-comparison/,Concrete vs Asphalt,"akdown: Labor, Materials, and Equipment Concrete vs Asphalt vs Gravel: Complete Comparison How to Fix"
/guides/best-driveway-for-rainy-and-wet-climates/,/guides/concrete-vs-asphalt-driveway-the-ultimate-2026-comparison/,Concrete vs Asphalt,p; Lifespan 20 min read &#9878;&#65039; Concrete vs Asphalt vs Gravel 18 min read View
/guides/best-driveway-for-texas-heat-and-expansive-clay-soil/,/guides/tar-and-chip-driveway-vs-asphalt-comparison/,Chip Seal,p sealers that dry brittle under UV. 4. Chip Seal Over Crushed Flex Base (Budget
/guides/best-driveway-for-texas-heat-and-expansive-clay-soil/,/guides/concrete-vs-asphalt-driveway-the-ultimate-2026-comparison/,Concrete vs Asphalt,"akdown: Labor, Materials, and Equipment Concrete vs Asphalt vs Gravel: Complete Comparison How to Fix"
/guides/best-driveway-hoa-neighborhoods/,/guides/concrete-vs-asphalt-driveway-the-ultimate-2026-comparison/,Concrete vs Asphalt,"akdown: Labor, Materials, and Equipment Concrete vs Asphalt vs Gravel: Complete Comparison How to Fix"
/guides/best-driveway-luxury-homes/,/guides/concrete-vs-asphalt-driveway-the-ultimate-2026-comparison/,Concrete vs Asphalt,"akdown: Labor, Materials, and Equipment Concrete vs Asphalt vs Gravel: Complete Comparison How to Fix"
/guides/best-driveway-material-for-alabama-homes/,/guides/tar-and-chip-driveway-vs-asphalt-comparison/,Tar and Chip,g-term durability. Chip Seal Driveways (Tar and Chip) Chip seal is a lesser-known but effective
/guides/best-driveway-material-for-alabama-homes/,/guides/concrete-vs-asphalt-driveway-the-ultimate-2026-comparison/,Concrete vs Asphalt,"actors in Birmingham, AL: How to Choose Concrete vs Asphalt vs Gravel: Complete Comparison &#128202;"
/guides/best-driveway-material-for-alaska-homes/,/guides/concrete-vs-asphalt-driveway-the-ultimate-2026-comparison/,Concrete vs Asphalt,"ractors in Anchorage, AK: How to Choose Concrete vs Asphalt vs Gravel: Complete Comparison &#128202;"
/guides/best-driveway-material-for-arizona-homes/,/guides/tar-and-chip-driveway-vs-asphalt-comparison/,Tar & Chip,eeps pebbles locked down. 5. Chip Seal (Tar & Chip) Best for: Rural properties over
/guides/best-driveway-material-for-arizona-homes/,/guides/concrete-vs-asphalt-driveway-the-ultimate-2026-comparison/,Concrete vs Asphalt,"ntractors in Phoenix, AZ: How to Choose Concrete vs Asphalt vs Gravel: Complete Comparison &#128202;"
/guides/best-driveway-material-for-arkansas-homes/,/guides/tar-and-chip-driveway-vs-asphalt-comparison/,Chip Seal,ave better than plastic snap edging. 5. Chip Seal (Best Low-Cost Upgrade from Gravel) Pros:
